date,garch_forecast_vol
2025-09-21 00:00:00+00:00,0.015508241156914087
2025-09-22 00:00:00+00:00,0.015292559723133608
2025-09-23 00:00:00+00:00,0.016217491090759675
2025-09-24 00:00:00+00:00,0.01598048147494792
2025-09-25 00:00:00+00:00,0.015989097550581494
2025-09-26 00:00:00+00:00,0.018777359195286256
2025-09-27 00:00:00+00:00,0.018330153371921027
2025-09-28 00:00:00+00:00,0.017865318327476433
2025-09-29 00:00:00+00:00,0.018404347381372976
2025-09-30 00:00:00+00:00,0.018600176363603317
2025-10-01 00:00:00+00:00,0.018149314192861598
2025-10-02 00:00:00+00:00,0.020339600716957628
2025-10-03 00:00:00+00:00,0.020182764249997463
2025-10-04 00:00:00+00:00,0.019933929639381752
2025-10-05 00:00:00+00:00,0.019724651747428983
2025-10-06 00:00:00+00:00,0.019309839209122097
2025-10-07 00:00:00+00:00,0.018952616178407475
2025-10-08 00:00:00+00:00,0.019796468382438596
2025-10-09 00:00:00+00:00,0.019700247651699813
2025-10-10 00:00:00+00:00,0.019470508813223538
2025-10-11 00:00:00+00:00,0.02759183382936184
2025-10-12 00:00:00+00:00,0.027976271731510426
2025-10-13 00:00:00+00:00,0.028701491769970156
2025-10-14 00:00:00+00:00,0.027287420658404688
2025-10-15 00:00:00+00:00,0.026521437560911007
2025-10-16 00:00:00+00:00,0.025928780506788356
2025-10-17 00:00:00+00:00,0.025621561157809235
2025-10-18 00:00:00+00:00,0.02491322079201517
2025-10-19 00:00:00+00:00,0.023883697837105793
2025-10-20 00:00:00+00:00,0.023326253381049655
2025-10-21 00:00:00+00:00,0.022979449167381833
2025-10-22 00:00:00+00:00,0.02283660545232664
2025-10-23 00:00:00+00:00,0.022167254916473197
2025-10-24 00:00:00+00:00,0.022276012713704937
2025-10-25 00:00:00+00:00,0.02168755566449336
2025-10-26 00:00:00+00:00,0.020906484684557046
2025-10-27 00:00:00+00:00,0.021163974438873686
2025-10-28 00:00:00+00:00,0.02072459699721905
2025-10-29 00:00:00+00:00,0.020412949295039357
2025-10-30 00:00:00+00:00,0.0207139917031618
2025-10-31 00:00:00+00:00,0.020540956621649308
2025-11-01 00:00:00+00:00,0.02026729935132679
2025-11-02 00:00:00+00:00,0.019551216140792475
2025-11-03 00:00:00+00:00,0.019150744346433764
2025-11-04 00:00:00+00:00,0.020411194746868703
2025-11-05 00:00:00+00:00,0.022673630972599515
2025-11-06 00:00:00+00:00,0.022653373735120545
2025-11-07 00:00:00+00:00,0.022711775336315285
2025-11-08 00:00:00+00:00,0.022514036218438394
2025-11-09 00:00:00+00:00,0.022403296834831377
2025-11-10 00:00:00+00:00,0.022420170870126054
2025-11-11 00:00:00+00:00,0.021865004583708207
2025-11-12 00:00:00+00:00,0.022321522427617507
2025-11-13 00:00:00+00:00,0.021833809103249283
2025-11-14 00:00:00+00:00,0.02168404274518923
2025-11-15 00:00:00+00:00,0.024844609954476866
2025-11-16 00:00:00+00:00,0.024337270432413204
2025-11-17 00:00:00+00:00,0.023680133172736456
2025-11-18 00:00:00+00:00,0.02349449485427057
2025-11-19 00:00:00+00:00,0.022727168063423505
2025-11-20 00:00:00+00:00,0.02228361539767685
2025-11-21 00:00:00+00:00,0.025821052263891458
2025-11-22 00:00:00+00:00,0.025167744914348703
2025-11-23 00:00:00+00:00,0.024128486966235378
2025-11-24 00:00:00+00:00,0.024070349041863982
2025-11-25 00:00:00+00:00,0.023640890116029146
2025-11-26 00:00:00+00:00,0.02303563912164617
2025-11-27 00:00:00+00:00,0.023860791387746286
2025-11-28 00:00:00+00:00,0.0232085656325448
2025-11-29 00:00:00+00:00,0.02252292076714206
2025-11-30 00:00:00+00:00,0.021214570125821248
2025-12-01 00:00:00+00:00,0.020543373709751612
2025-12-02 00:00:00+00:00,0.023450903943016767
2025-12-03 00:00:00+00:00,0.027102288576388925
2025-12-04 00:00:00+00:00,0.02653034535833487
2025-12-05 00:00:00+00:00,0.025566308054684007
2025-12-06 00:00:00+00:00,0.025718811826000533
2025-12-07 00:00:00+00:00,0.024885946603925665
2025-12-08 00:00:00+00:00,0.024268614533317776
2025-12-09 00:00:00+00:00,0.023501128876754006
2025-12-10 00:00:00+00:00,0.023397630080071445
2025-12-11 00:00:00+00:00,0.02274446040238044
2025-12-12 00:00:00+00:00,0.02210745502750859
2025-12-13 00:00:00+00:00,0.022271987929005126
2025-12-14 00:00:00+00:00,0.02082505749586653
2025-12-15 00:00:00+00:00,0.021070882003700137
2025-12-16 00:00:00+00:00,0.02105556312561332
2025-12-17 00:00:00+00:00,0.020833744213596912
2025-12-18 00:00:00+00:00,0.020765882619648075
2025-12-19 00:00:00+00:00,0.020247404733084826
2025-12-20 00:00:00+00:00,0.021188621738608252
2025-12-21 00:00:00+00:00,0.02036397010903716
2025-12-22 00:00:00+00:00,0.01969283780755306
2025-12-23 00:00:00+00:00,0.01909324254322444
2025-12-24 00:00:00+00:00,0.0189400381892944
2025-12-25 00:00:00+00:00,0.01845852923382125
2025-12-26 00:00:00+00:00,0.01809669673205838
2025-12-27 00:00:00+00:00,0.017737443538721927
2025-12-28 00:00:00+00:00,0.017051028964367852
2025-12-29 00:00:00+00:00,0.01677674239245558
2025-12-30 00:00:00+00:00,0.016740327312513337
2025-12-31 00:00:00+00:00,0.01709015599269735
2026-01-01 00:00:00+00:00,0.01705987135853624
2026-01-02 00:00:00+00:00,0.017288886114563227
2026-01-03 00:00:00+00:00,0.017430719527456236
2026-01-04 00:00:00+00:00,0.01642306291180577
2026-01-05 00:00:00+00:00,0.016372264367389793
2026-01-06 00:00:00+00:00,0.017737562445691434
2026-01-07 00:00:00+00:00,0.017234809286024992
2026-01-08 00:00:00+00:00,0.018486997739627573
2026-01-09 00:00:00+00:00,0.01790075808234773
2026-01-10 00:00:00+00:00,0.017437871324226552
2026-01-11 00:00:00+00:00,0.016887735094493532
2026-01-12 00:00:00+00:00,0.01656833023582881
2026-01-13 00:00:00+00:00,0.01623461083705558
2026-01-14 00:00:00+00:00,0.02070643273874833
2026-01-15 00:00:00+00:00,0.02037999396337307
2026-01-16 00:00:00+00:00,0.01996696325375809
2026-01-17 00:00:00+00:00,0.019159256630056302
2026-01-18 00:00:00+00:00,0.01859093562402027
2026-01-19 00:00:00+00:00,0.018574935904845522
2026-01-20 00:00:00+00:00,0.01828828025877412
2026-01-21 00:00:00+00:00,0.0223090234145194
2026-01-22 00:00:00+00:00,0.021531112715174616
2026-01-23 00:00:00+00:00,0.020584350927041625
2026-01-24 00:00:00+00:00,0.01975023407372424
2026-01-25 00:00:00+00:00,0.019134146425966003
2026-01-26 00:00:00+00:00,0.020302040087062205
2026-01-27 00:00:00+00:00,0.0202916055829147
2026-01-28 00:00:00+00:00,0.01974027616703605
2026-01-29 00:00:00+00:00,0.019041549056347612
2026-01-30 00:00:00+00:00,0.02398144322697334
2026-01-31 00:00:00+00:00,0.022818383700309634
2026-02-01 00:00:00+00:00,0.030404471570824165
2026-02-02 00:00:00+00:00,0.029151283974264294
2026-02-03 00:00:00+00:00,0.028077052985278184
2026-02-04 00:00:00+00:00,0.028772022811738417
2026-02-05 00:00:00+00:00,0.028922786227785647
2026-02-06 00:00:00+00:00,0.05356291794818285
2026-02-07 00:00:00+00:00,0.060342894478781585
2026-02-08 00:00:00+00:00,0.06715604065044385
2026-02-09 00:00:00+00:00,0.06107474021129478
2026-02-10 00:00:00+00:00,0.05536226379755966
2026-02-11 00:00:00+00:00,0.050741087002249705
2026-02-12 00:00:00+00:00,0.047154550725046505
2026-02-13 00:00:00+00:00,0.04314579762052639
2026-02-14 00:00:00+00:00,0.04195733998890697
2026-02-15 00:00:00+00:00,0.03935195808158395
2026-02-16 00:00:00+00:00,0.03678006262493075
2026-02-17 00:00:00+00:00,0.034118667281772146
2026-02-18 00:00:00+00:00,0.03248444383650767
2026-02-19 00:00:00+00:00,0.03071200143778395
2026-02-20 00:00:00+00:00,0.028777245064941902
2026-02-21 00:00:00+00:00,0.027399218154288276
2026-02-22 00:00:00+00:00,0.022826006080903304
2026-02-23 00:00:00+00:00,0.02154707156683701
2026-02-24 00:00:00+00:00,0.025680197329202903
2026-02-25 00:00:00+00:00,0.024166802199301757
2026-02-26 00:00:00+00:00,0.030605235952855043
2026-02-27 00:00:00+00:00,0.0283756424991363
2026-02-28 00:00:00+00:00,0.027603209068558305
2026-03-01 00:00:00+00:00,0.026052825846293856
2026-03-02 00:00:00+00:00,0.025113393119447196
2026-03-03 00:00:00+00:00,0.027847879775959535
2026-03-04 00:00:00+00:00,0.026100220350717712
2026-03-05 00:00:00+00:00,0.03161085293635981
2026-03-06 00:00:00+00:00,0.03041398886619071
2026-03-07 00:00:00+00:00,0.031121731884563995
2026-03-08 00:00:00+00:00,0.030013358687896917
2026-03-09 00:00:00+00:00,0.02882918145609513
2026-03-10 00:00:00+00:00,0.029493193159068076
2026-03-11 00:00:00+00:00,0.02855592836026414
2026-03-12 00:00:00+00:00,0.0268663973419321
2026-03-13 00:00:00+00:00,0.025369882290973502
2026-03-14 00:00:00+00:00,0.024038756024468196
2026-03-15 00:00:00+00:00,0.02196720413077976
2026-03-16 00:00:00+00:00,0.022099349202978378
2026-03-17 00:00:00+00:00,0.02290037503463955
2026-03-18 00:00:00+00:00,0.022092476625426013
2026-03-19 00:00:00+00:00,0.024180074049235757
2026-03-20 00:00:00+00:00,0.023598137706289605
2026-03-21 00:00:00+00:00,0.02244428624779836
2026-03-22 00:00:00+00:00,0.022582378246434796
2026-03-23 00:00:00+00:00,0.02198294692211384
2026-03-24 00:00:00+00:00,0.025433190141132992
2026-03-25 00:00:00+00:00,0.023929275244932928
2026-03-26 00:00:00+00:00,0.022845115493254593
2026-03-27 00:00:00+00:00,0.02466614144425913
2026-03-28 00:00:00+00:00,0.02604125869700985
2026-03-29 00:00:00+00:00,0.02443050044758423
2026-03-30 00:00:00+00:00,0.023226645129340744
2026-03-31 00:00:00+00:00,0.022388538139705715
2026-04-01 00:00:00+00:00,0.022411334541682697
2026-04-02 00:00:00+00:00,0.02136422627784884
2026-04-03 00:00:00+00:00,0.021170267716722573
2026-04-04 00:00:00+00:00,0.020242801564255015
2026-04-05 00:00:00+00:00,0.018991960106616496
2026-04-06 00:00:00+00:00,0.019946906131311965
2026-04-07 00:00:00+00:00,0.01912171184754704
2026-04-08 00:00:00+00:00,0.022946480529657993
2026-04-09 00:00:00+00:00,0.022068477473834565
2026-04-10 00:00:00+00:00,0.02120696501960491
2026-04-11 00:00:00+00:00,0.020846072863648358
2026-04-12 00:00:00+00:00,0.02000434135857507
2026-04-13 00:00:00+00:00,0.02172122790989797
2026-04-14 00:00:00+00:00,0.02621039114037736
2026-04-15 00:00:00+00:00,0.02459388254701584
2026-04-16 00:00:00+00:00,0.023330794370106312
2026-04-17 00:00:00+00:00,0.022098427723339798
2026-04-18 00:00:00+00:00,0.022463222129789108
2026-04-19 00:00:00+00:00,0.02217943975869613
2026-04-20 00:00:00+00:00,0.022525634054100636
2026-04-21 00:00:00+00:00,0.02302819667097817
2026-04-22 00:00:00+00:00,0.02197853501654545
2026-04-23 00:00:00+00:00,0.022207801973894055
2026-04-24 00:00:00+00:00,0.021161490340685547
2026-04-25 00:00:00+00:00,0.020493075956258187
2026-04-26 00:00:00+00:00,0.01941104367818244
2026-04-27 00:00:00+00:00,0.01910898930978797
2026-04-28 00:00:00+00:00,0.019126430993810638
2026-04-29 00:00:00+00:00,0.018883179776758824
2026-04-30 00:00:00+00:00,0.01832501943586394
2026-05-01 00:00:00+00:00,0.017853360745823613
2026-05-02 00:00:00+00:00,0.019016031979028212
2026-05-03 00:00:00+00:00,0.018182232012132288
2026-05-04 00:00:00+00:00,0.01753430884079581
2026-05-05 00:00:00+00:00,0.01776859347410736
2026-05-06 00:00:00+00:00,0.01767629002050437
2026-05-07 00:00:00+00:00,0.017226206074970562
2026-05-08 00:00:00+00:00,0.01767125296365312
2026-05-09 00:00:00+00:00,0.017103170819976424
2026-05-10 00:00:00+00:00,0.01621748731282304
2026-05-11 00:00:00+00:00,0.01696677480466349
2026-05-12 00:00:00+00:00,0.016464929886773838
2026-05-13 00:00:00+00:00,0.01675321048659293
2026-05-14 00:00:00+00:00,0.016947219842524112
2026-05-15 00:00:00+00:00,0.017995141644500487
2026-05-16 00:00:00+00:00,0.019181211783217047
2026-05-17 00:00:00+00:00,0.018762672445620455
2026-05-18 00:00:00+00:00,0.018149221184809362
2026-05-19 00:00:00+00:00,0.01747859470070826
2026-05-20 00:00:00+00:00,0.016798984307217137
2026-05-21 00:00:00+00:00,0.016510510447007066
2026-05-22 00:00:00+00:00,0.015954055965898245
2026-05-23 00:00:00+00:00,0.01806201635785141
2026-05-24 00:00:00+00:00,0.01801882089932708
2026-05-25 00:00:00+00:00,0.017283129301411272
2026-05-26 00:00:00+00:00,0.01662798221498437
2026-05-27 00:00:00+00:00,0.017201436327274316
2026-05-28 00:00:00+00:00,0.017856662607085797
2026-05-29 00:00:00+00:00,0.017518310434187275
2026-05-30 00:00:00+00:00,0.016808027722177703
2026-05-31 00:00:00+00:00,0.01621826217908215
2026-06-01 00:00:00+00:00,0.015688992266951172
2026-06-02 00:00:00+00:00,0.018604025348244325
2026-06-03 00:00:00+00:00,0.029123323428782634
2026-06-04 00:00:00+00:00,0.03033852921581794
2026-06-05 00:00:00+00:00,0.02817441634640465
2026-06-06 00:00:00+00:00,0.030470458859983188
2026-06-07 00:00:00+00:00,0.028776037770047398
2026-06-08 00:00:00+00:00,0.030112204090648353
2026-06-09 00:00:00+00:00,0.027690788156026044
2026-06-10 00:00:00+00:00,0.026733833432301127
2026-06-11 00:00:00+00:00,0.024741664585852217
2026-06-12 00:00:00+00:00,0.026058965957745463
2026-06-13 00:00:00+00:00,0.024123128116959578
2026-06-14 00:00:00+00:00,0.02290002409634619
2026-06-15 00:00:00+00:00,0.022560388808566815
2026-06-16 00:00:00+00:00,0.0213065776494316
2026-06-17 00:00:00+00:00,0.020318984988248353
2026-06-18 00:00:00+00:00,0.020256517834908255
2026-06-19 00:00:00+00:00,0.021101423838647732
2026-06-20 00:00:00+00:00,0.020105935105198123
2026-06-21 00:00:00+00:00,0.019245194733085513
2026-06-22 00:00:00+00:00,0.0191120888805022
2026-06-23 00:00:00+00:00,0.018567803626335425
2026-06-24 00:00:00+00:00,0.01923839972336239
2026-06-25 00:00:00+00:00,0.020823306920346722
2026-06-26 00:00:00+00:00,0.021095359402164476
2026-06-27 00:00:00+00:00,0.01981784823558782
2026-06-28 00:00:00+00:00,0.018645077004313677
2026-06-29 00:00:00+00:00,0.017908385746705228
2026-06-30 00:00:00+00:00,0.017616705243529224
2026-07-01 00:00:00+00:00,0.01984580789929433
2026-07-02 00:00:00+00:00,0.02072889951903468
2026-07-03 00:00:00+00:00,0.021670835624221084
2026-07-04 00:00:00+00:00,0.021147686714930357
2026-07-05 00:00:00+00:00,0.02010687677800997
2026-07-06 00:00:00+00:00,0.01911635102259764
2026-07-07 00:00:00+00:00,0.01821026359144507
2026-07-08 00:00:00+00:00,0.017802936623354124
2026-07-09 00:00:00+00:00,0.01823636744599576
2026-07-10 00:00:00+00:00,0.018286045650786138
2026-07-11 00:00:00+00:00,0.01828161563141575
2026-07-12 00:00:00+00:00,0.01718392510342616
2026-07-13 00:00:00+00:00,0.016423103119953725
2026-07-14 00:00:00+00:00,0.017946451978394205
2026-07-15 00:00:00+00:00,0.02330097484488991
2026-07-16 00:00:00+00:00,0.021732715069451528
2026-07-17 00:00:00+00:00,0.021009726523375766
2026-07-18 00:00:00+00:00,0.019697028549487048
2026-07-19 00:00:00+00:00,0.019505002667196285
2026-07-20 00:00:00+00:00,0.01848097865218543
2026-07-21 00:00:00+00:00,0.017872322567444653
2026-07-22 00:00:00+00:00,0.018595985975368542
2026-07-23 00:00:00+00:00,0.017879572219830414
2026-07-24 00:00:00+00:00,0.018043441608527003
2026-07-25 00:00:00+00:00,0.018099728660455734
2026-07-26 00:00:00+00:00,0.017486359415957532
2026-07-27 00:00:00+00:00,0.01784626920464972
2026-07-28 00:00:00+00:00,0.019630634914077166
2026-07-29 00:00:00+00:00,0.018573319761926447
2026-07-30 00:00:00+00:00,0.017695483575219967
2026-07-31 00:00:00+00:00,0.017615452447148613
2026-08-01 00:00:00+00:00,0.020299029945340625
2026-08-02 00:00:00+00:00,0.019302889079744485
2026-08-03 00:00:00+00:00,0.0188572193716951
2026-08-04 00:00:00+00:00,0.017962001946719916
2026-08-05 00:00:00+00:00,0.01760366512393213
2026-08-06 00:00:00+00:00,0.017289608054582017
2026-08-07 00:00:00+00:00,0.016846707424758724
2026-08-08 00:00:00+00:00,0.016757049013713606
2026-08-09 00:00:00+00:00,0.016000751431195316
2026-08-10 00:00:00+00:00,0.01564026420468277
2026-08-11 00:00:00+00:00,0.016330080514980243
2026-08-12 00:00:00+00:00,0.016047959605406736
2026-08-13 00:00:00+00:00,0.01568957224524481
2026-08-14 00:00:00+00:00,0.015394960899659122
2026-08-15 00:00:00+00:00,0.01540854914962634
2026-08-16 00:00:00+00:00,0.014128197770607703
2026-08-17 00:00:00+00:00,0.013958039058523079
2026-08-18 00:00:00+00:00,0.017028156440535645
2026-08-19 00:00:00+00:00,0.016288845054997184
2026-08-20 00:00:00+00:00,0.03110139246806438
2026-08-21 00:00:00+00:00,0.034681248672281936
2026-08-22 00:00:00+00:00,0.04158011102136086
2026-08-23 00:00:00+00:00,0.03834929183503765
2026-08-24 00:00:00+00:00,0.03265242365778067
2026-08-25 00:00:00+00:00,0.02892329099421824
2026-08-26 00:00:00+00:00,0.025296878087496345
2026-08-27 00:00:00+00:00,0.02260855993853816
2026-08-28 00:00:00+00:00,0.021590328452547894
2026-08-29 00:00:00+00:00,0.023968830568010618
2026-08-30 00:00:00+00:00,0.021498222738881273
2026-08-31 00:00:00+00:00,0.019893055006604706
2026-09-01 00:00:00+00:00,0.019180372803345988
2026-09-02 00:00:00+00:00,0.019117167637891046
2026-09-03 00:00:00+00:00,0.01794674465529989
2026-09-04 00:00:00+00:00,0.027844360476215704
2026-09-05 00:00:00+00:00,0.02593624268016041
2026-09-06 00:00:00+00:00,0.022862729543446775
2026-09-07 00:00:00+00:00,0.02093336110381543
2026-09-08 00:00:00+00:00,0.02052126374733394
2026-09-09 00:00:00+00:00,0.019458075912106618
2026-09-10 00:00:00+00:00,0.01841492086742631
2026-09-11 00:00:00+00:00,0.020186307249857822
2026-09-12 00:00:00+00:00,0.01925022873249906
2026-09-13 00:00:00+00:00,0.01836643450076497
2026-09-14 00:00:00+00:00,0.017913739371900356
2026-09-15 00:00:00+00:00,0.01905427072452867
2026-09-16 00:00:00+00:00,0.02327242527482316
2026-09-17 00:00:00+00:00,0.02118851997276217
2026-09-18 00:00:00+00:00,0.01959002901630237
2026-09-19 00:00:00+00:00,0.031076895943285453
2026-09-20 00:00:00+00:00,0.02628298202868763
