date,hybrid_forecast_vol
2025-10-11 00:00:00+00:00,0.0647227019071579
2025-10-12 00:00:00+00:00,0.040996748954057693
2025-10-13 00:00:00+00:00,0.064866803586483
2025-10-14 00:00:00+00:00,0.062294717878103256
2025-10-15 00:00:00+00:00,0.060963258147239685
2025-10-16 00:00:00+00:00,0.0617082454264164
2025-10-17 00:00:00+00:00,0.061936087906360626
2025-10-18 00:00:00+00:00,0.060661956667900085
2025-10-19 00:00:00+00:00,0.060188762843608856
2025-10-20 00:00:00+00:00,0.030543683096766472
2025-10-21 00:00:00+00:00,0.030343860387802124
2025-10-22 00:00:00+00:00,0.030503032729029655
2025-10-23 00:00:00+00:00,0.03175508230924606
2025-10-24 00:00:00+00:00,0.030435863882303238
2025-10-25 00:00:00+00:00,0.030319858342409134
2025-10-26 00:00:00+00:00,0.030324529856443405
2025-10-27 00:00:00+00:00,0.027830511331558228
2025-10-28 00:00:00+00:00,0.027571551501750946
2025-10-29 00:00:00+00:00,0.027636641636490822
2025-10-30 00:00:00+00:00,0.027753720059990883
2025-10-31 00:00:00+00:00,0.02792331948876381
2025-11-01 00:00:00+00:00,0.02755350060760975
2025-11-02 00:00:00+00:00,0.02753893844783306
2025-11-03 00:00:00+00:00,0.027833005413413048
2025-11-04 00:00:00+00:00,0.027294587343931198
2025-11-05 00:00:00+00:00,0.028488827869296074
2025-11-06 00:00:00+00:00,0.027094876393675804
2025-11-07 00:00:00+00:00,0.02697111666202545
2025-11-08 00:00:00+00:00,0.026956768706440926
2025-11-09 00:00:00+00:00,0.026867810636758804
2025-11-10 00:00:00+00:00,0.038817550987005234
2025-11-11 00:00:00+00:00,0.038742706179618835
2025-11-12 00:00:00+00:00,0.03881317377090454
2025-11-13 00:00:00+00:00,0.038616035133600235
2025-11-14 00:00:00+00:00,0.0391034260392189
2025-11-15 00:00:00+00:00,0.039534445852041245
2025-11-16 00:00:00+00:00,0.038679059594869614
2025-11-17 00:00:00+00:00,0.037081848829984665
2025-11-18 00:00:00+00:00,0.0371566116809845
2025-11-19 00:00:00+00:00,0.037065859884023666
2025-11-20 00:00:00+00:00,0.03838830441236496
2025-11-21 00:00:00+00:00,0.03866586461663246
2025-11-22 00:00:00+00:00,0.03905969485640526
2025-11-23 00:00:00+00:00,0.03737886995077133
2025-11-24 00:00:00+00:00,0.04061536863446236
2025-11-25 00:00:00+00:00,0.04001805558800697
2025-11-26 00:00:00+00:00,0.040089305490255356
2025-11-27 00:00:00+00:00,0.0398021899163723
2025-11-28 00:00:00+00:00,0.039900150150060654
2025-11-29 00:00:00+00:00,0.039832305163145065
2025-11-30 00:00:00+00:00,0.039722274988889694
2025-12-01 00:00:00+00:00,0.03144623711705208
2025-12-02 00:00:00+00:00,0.03101869858801365
2025-12-03 00:00:00+00:00,0.03142029047012329
2025-12-04 00:00:00+00:00,0.031183969229459763
2025-12-05 00:00:00+00:00,0.031022708863019943
2025-12-06 00:00:00+00:00,0.0309210866689682
2025-12-07 00:00:00+00:00,0.030826909467577934
2025-12-08 00:00:00+00:00,0.030533140525221825
2025-12-09 00:00:00+00:00,0.02995954267680645
2025-12-10 00:00:00+00:00,0.030247822403907776
2025-12-11 00:00:00+00:00,0.03010716289281845
2025-12-12 00:00:00+00:00,0.029982294887304306
2025-12-13 00:00:00+00:00,0.03012945130467415
2025-12-14 00:00:00+00:00,0.02996663562953472
2025-12-15 00:00:00+00:00,0.02984316647052765
2025-12-16 00:00:00+00:00,0.03007669374346733
2025-12-17 00:00:00+00:00,0.02991676516830921
2025-12-18 00:00:00+00:00,0.029922308400273323
2025-12-19 00:00:00+00:00,0.029815779998898506
2025-12-20 00:00:00+00:00,0.030013499781489372
2025-12-21 00:00:00+00:00,0.02982603758573532
2025-12-22 00:00:00+00:00,0.029268363490700722
2025-12-23 00:00:00+00:00,0.029181642457842827
2025-12-24 00:00:00+00:00,0.029195602983236313
2025-12-25 00:00:00+00:00,0.029200376942753792
2025-12-26 00:00:00+00:00,0.02925507351756096
2025-12-27 00:00:00+00:00,0.02915162220597267
2025-12-28 00:00:00+00:00,0.02938009984791279
2025-12-29 00:00:00+00:00,0.028589947149157524
2025-12-30 00:00:00+00:00,0.02856476418673992
2025-12-31 00:00:00+00:00,0.028624076396226883
2026-01-01 00:00:00+00:00,0.02858179621398449
2026-01-02 00:00:00+00:00,0.028646018356084824
2026-01-03 00:00:00+00:00,0.028613990172743797
2026-01-04 00:00:00+00:00,0.028629235923290253
2026-01-05 00:00:00+00:00,0.02852957509458065
2026-01-06 00:00:00+00:00,0.028498876839876175
2026-01-07 00:00:00+00:00,0.028723586350679398
2026-01-08 00:00:00+00:00,0.028657658025622368
2026-01-09 00:00:00+00:00,0.028478866443037987
2026-01-10 00:00:00+00:00,0.028480373322963715
2026-01-11 00:00:00+00:00,0.028552692383527756
2026-01-12 00:00:00+00:00,0.02815260738134384
2026-01-13 00:00:00+00:00,0.027956847101449966
2026-01-14 00:00:00+00:00,0.028630558401346207
2026-01-15 00:00:00+00:00,0.028005780652165413
2026-01-16 00:00:00+00:00,0.028066260740160942
2026-01-17 00:00:00+00:00,0.027967387810349464
2026-01-18 00:00:00+00:00,0.028062494471669197
2026-01-19 00:00:00+00:00,0.027790972962975502
2026-01-20 00:00:00+00:00,0.026999322697520256
2026-01-21 00:00:00+00:00,0.027299150824546814
2026-01-22 00:00:00+00:00,0.027253860607743263
2026-01-23 00:00:00+00:00,0.027004782110452652
2026-01-24 00:00:00+00:00,0.027005895972251892
2026-01-25 00:00:00+00:00,0.027016695588827133
2026-01-26 00:00:00+00:00,0.02667839638888836
2026-01-27 00:00:00+00:00,0.026568330824375153
2026-01-28 00:00:00+00:00,0.026604080572724342
2026-01-29 00:00:00+00:00,0.026498302817344666
2026-01-30 00:00:00+00:00,0.026656169444322586
2026-01-31 00:00:00+00:00,0.026589978486299515
2026-02-01 00:00:00+00:00,0.028309838846325874
2026-02-02 00:00:00+00:00,0.02927536517381668
2026-02-03 00:00:00+00:00,0.027144094929099083
2026-02-04 00:00:00+00:00,0.027261484414339066
2026-02-05 00:00:00+00:00,0.027893884107470512
2026-02-06 00:00:00+00:00,0.036328405141830444
2026-02-07 00:00:00+00:00,0.03230297565460205
2026-02-08 00:00:00+00:00,0.028424076735973358
2026-02-09 00:00:00+00:00,0.03380086272954941
2026-02-10 00:00:00+00:00,0.0331682413816452
2026-02-11 00:00:00+00:00,0.03308631852269173
2026-02-12 00:00:00+00:00,0.03320474550127983
2026-02-13 00:00:00+00:00,0.032966576516628265
2026-02-14 00:00:00+00:00,0.03305370733141899
2026-02-15 00:00:00+00:00,0.0328991524875164
2026-02-16 00:00:00+00:00,0.03771137818694115
2026-02-17 00:00:00+00:00,0.03761489316821098
2026-02-18 00:00:00+00:00,0.03722432628273964
2026-02-19 00:00:00+00:00,0.037450749427080154
2026-02-20 00:00:00+00:00,0.03729821741580963
2026-02-21 00:00:00+00:00,0.03715480491518974
2026-02-22 00:00:00+00:00,0.03708595037460327
2026-02-23 00:00:00+00:00,0.03412628173828125
2026-02-24 00:00:00+00:00,0.03438727930188179
2026-02-25 00:00:00+00:00,0.03436128422617912
2026-02-26 00:00:00+00:00,0.03588780760765076
2026-02-27 00:00:00+00:00,0.03479473292827606
2026-02-28 00:00:00+00:00,0.034948110580444336
2026-03-01 00:00:00+00:00,0.03442797809839249
2026-03-02 00:00:00+00:00,0.032944634556770325
2026-03-03 00:00:00+00:00,0.03301715478301048
2026-03-04 00:00:00+00:00,0.03253559395670891
2026-03-05 00:00:00+00:00,0.03284425660967827
2026-03-06 00:00:00+00:00,0.03269646316766739
2026-03-07 00:00:00+00:00,0.03274974972009659
2026-03-08 00:00:00+00:00,0.03255869075655937
2026-03-09 00:00:00+00:00,0.031208109110593796
2026-03-10 00:00:00+00:00,0.03127763792872429
2026-03-11 00:00:00+00:00,0.03137088939547539
2026-03-12 00:00:00+00:00,0.031210923567414284
2026-03-13 00:00:00+00:00,0.03131166845560074
2026-03-14 00:00:00+00:00,0.03119131363928318
2026-03-15 00:00:00+00:00,0.03137712553143501
2026-03-16 00:00:00+00:00,0.03037560172379017
2026-03-17 00:00:00+00:00,0.03042774647474289
2026-03-18 00:00:00+00:00,0.0303652323782444
2026-03-19 00:00:00+00:00,0.030520949512720108
2026-03-20 00:00:00+00:00,0.03026692569255829
2026-03-21 00:00:00+00:00,0.030251357704401016
2026-03-22 00:00:00+00:00,0.03265107795596123
2026-03-23 00:00:00+00:00,0.03178578242659569
2026-03-24 00:00:00+00:00,0.0317561998963356
2026-03-25 00:00:00+00:00,0.03196448087692261
2026-03-26 00:00:00+00:00,0.03171903267502785
2026-03-27 00:00:00+00:00,0.031800199300050735
2026-03-28 00:00:00+00:00,0.03193797171115875
2026-03-29 00:00:00+00:00,0.031883880496025085
2026-03-30 00:00:00+00:00,0.02924121730029583
2026-03-31 00:00:00+00:00,0.028880076482892036
2026-04-01 00:00:00+00:00,0.02911759354174137
2026-04-02 00:00:00+00:00,0.02889885939657688
2026-04-03 00:00:00+00:00,0.028903895989060402
2026-04-04 00:00:00+00:00,0.02891240082681179
2026-04-05 00:00:00+00:00,0.02883388288319111
2026-04-06 00:00:00+00:00,0.02784261666238308
2026-04-07 00:00:00+00:00,0.027128612622618675
2026-04-08 00:00:00+00:00,0.028297556564211845
2026-04-09 00:00:00+00:00,0.02713196910917759
2026-04-10 00:00:00+00:00,0.027120275422930717
2026-04-11 00:00:00+00:00,0.027125410735607147
2026-04-12 00:00:00+00:00,0.027118118479847908
2026-04-13 00:00:00+00:00,0.027205605059862137
2026-04-14 00:00:00+00:00,0.028808876872062683
2026-04-15 00:00:00+00:00,0.027361279353499413
2026-04-16 00:00:00+00:00,0.027167337015271187
2026-04-17 00:00:00+00:00,0.027230212464928627
2026-04-18 00:00:00+00:00,0.02722630463540554
2026-04-19 00:00:00+00:00,0.02717021480202675
2026-04-20 00:00:00+00:00,0.027182480320334435
2026-04-21 00:00:00+00:00,0.027157234027981758
2026-04-22 00:00:00+00:00,0.027457840740680695
2026-04-23 00:00:00+00:00,0.027358436957001686
2026-04-24 00:00:00+00:00,0.02713460847735405
2026-04-25 00:00:00+00:00,0.02716076374053955
2026-04-26 00:00:00+00:00,0.02711983025074005
2026-04-27 00:00:00+00:00,0.027188850566744804
2026-04-28 00:00:00+00:00,0.027256090193986893
2026-04-29 00:00:00+00:00,0.0271083302795887
2026-04-30 00:00:00+00:00,0.027065932750701904
2026-05-01 00:00:00+00:00,0.027102570980787277
2026-05-02 00:00:00+00:00,0.027084367349743843
2026-05-03 00:00:00+00:00,0.027043692767620087
2026-05-04 00:00:00+00:00,0.0270913764834404
2026-05-05 00:00:00+00:00,0.02697560004889965
2026-05-06 00:00:00+00:00,0.02697289176285267
2026-05-07 00:00:00+00:00,0.027025412768125534
2026-05-08 00:00:00+00:00,0.027034349739551544
2026-05-09 00:00:00+00:00,0.026966165751218796
2026-05-10 00:00:00+00:00,0.026957860216498375
2026-05-11 00:00:00+00:00,0.026750463992357254
2026-05-12 00:00:00+00:00,0.026598619297146797
2026-05-13 00:00:00+00:00,0.02659188024699688
2026-05-14 00:00:00+00:00,0.026598885655403137
2026-05-15 00:00:00+00:00,0.026653621345758438
2026-05-16 00:00:00+00:00,0.02660115249454975
2026-05-17 00:00:00+00:00,0.026590516790747643
2026-05-18 00:00:00+00:00,0.027132518589496613
2026-05-19 00:00:00+00:00,0.026437753811478615
2026-05-20 00:00:00+00:00,0.02653639391064644
2026-05-21 00:00:00+00:00,0.026455016806721687
2026-05-22 00:00:00+00:00,0.026474906131625175
2026-05-23 00:00:00+00:00,0.02642982453107834
2026-05-24 00:00:00+00:00,0.026426296681165695
2026-05-25 00:00:00+00:00,0.026377946138381958
2026-05-26 00:00:00+00:00,0.02639652229845524
2026-05-27 00:00:00+00:00,0.026312263682484627
2026-05-28 00:00:00+00:00,0.026229148730635643
2026-05-29 00:00:00+00:00,0.026316223666071892
2026-05-30 00:00:00+00:00,0.02627120539546013
2026-05-31 00:00:00+00:00,0.026282187551259995
2026-06-01 00:00:00+00:00,0.026266414672136307
2026-06-02 00:00:00+00:00,0.026319235563278198
2026-06-03 00:00:00+00:00,0.026075657457113266
2026-06-04 00:00:00+00:00,0.026211438700556755
2026-06-05 00:00:00+00:00,0.02613166905939579
2026-06-06 00:00:00+00:00,0.026129208505153656
2026-06-07 00:00:00+00:00,0.026267191395163536
2026-06-08 00:00:00+00:00,0.02611592411994934
2026-06-09 00:00:00+00:00,0.025586402043700218
2026-06-10 00:00:00+00:00,0.025524985045194626
2026-06-11 00:00:00+00:00,0.025667205452919006
2026-06-12 00:00:00+00:00,0.025577370077371597
2026-06-13 00:00:00+00:00,0.025681713595986366
2026-06-14 00:00:00+00:00,0.025658780708909035
2026-06-15 00:00:00+00:00,0.025731829926371574
2026-06-16 00:00:00+00:00,0.02578296698629856
2026-06-17 00:00:00+00:00,0.025654278695583344
2026-06-18 00:00:00+00:00,0.025883154943585396
2026-06-19 00:00:00+00:00,0.025733301416039467
2026-06-20 00:00:00+00:00,0.025745293125510216
2026-06-21 00:00:00+00:00,0.025687377899885178
2026-06-22 00:00:00+00:00,0.025485951453447342
2026-06-23 00:00:00+00:00,0.025499261915683746
2026-06-24 00:00:00+00:00,0.02544284611940384
2026-06-25 00:00:00+00:00,0.025557678192853928
2026-06-26 00:00:00+00:00,0.02541252225637436
2026-06-27 00:00:00+00:00,0.025411995127797127
2026-06-28 00:00:00+00:00,0.025439703837037086
2026-06-29 00:00:00+00:00,0.026809370145201683
2026-06-30 00:00:00+00:00,0.026305915787816048
2026-07-01 00:00:00+00:00,0.026409339159727097
2026-07-02 00:00:00+00:00,0.02640397660434246
2026-07-03 00:00:00+00:00,0.02635422721505165
2026-07-04 00:00:00+00:00,0.0262813288718462
2026-07-05 00:00:00+00:00,0.02629702538251877
2026-07-06 00:00:00+00:00,0.026394810527563095
2026-07-07 00:00:00+00:00,0.026411449536681175
2026-07-08 00:00:00+00:00,0.02639457769691944
2026-07-09 00:00:00+00:00,0.026434145867824554
2026-07-10 00:00:00+00:00,0.0263938307762146
2026-07-11 00:00:00+00:00,0.026412369683384895
2026-07-12 00:00:00+00:00,0.026697587221860886
2026-07-13 00:00:00+00:00,0.026280565187335014
2026-07-14 00:00:00+00:00,0.02677578292787075
2026-07-15 00:00:00+00:00,0.02649724669754505
2026-07-16 00:00:00+00:00,0.026259372010827065
2026-07-17 00:00:00+00:00,0.02625712938606739
2026-07-18 00:00:00+00:00,0.026272965595126152
2026-07-19 00:00:00+00:00,0.026240132749080658
2026-07-20 00:00:00+00:00,0.025449221953749657
2026-07-21 00:00:00+00:00,0.025601528584957123
2026-07-22 00:00:00+00:00,0.025599801912903786
2026-07-23 00:00:00+00:00,0.025410346686840057
2026-07-24 00:00:00+00:00,0.025417689234018326
2026-07-25 00:00:00+00:00,0.02544008009135723
2026-07-26 00:00:00+00:00,0.025405166670680046
2026-07-27 00:00:00+00:00,0.025149352848529816
2026-07-28 00:00:00+00:00,0.02510863170027733
2026-07-29 00:00:00+00:00,0.02523825690150261
2026-07-30 00:00:00+00:00,0.025096548721194267
2026-07-31 00:00:00+00:00,0.025071458891034126
2026-08-01 00:00:00+00:00,0.025030236691236496
2026-08-02 00:00:00+00:00,0.025030791759490967
2026-08-03 00:00:00+00:00,0.025071214884519577
2026-08-04 00:00:00+00:00,0.025011803954839706
2026-08-05 00:00:00+00:00,0.025051258504390717
2026-08-06 00:00:00+00:00,0.02504822425544262
2026-08-07 00:00:00+00:00,0.025022434070706367
2026-08-08 00:00:00+00:00,0.025026364251971245
2026-08-09 00:00:00+00:00,0.02503831870853901
2026-08-10 00:00:00+00:00,0.025003736838698387
2026-08-11 00:00:00+00:00,0.024950183928012848
2026-08-12 00:00:00+00:00,0.0249489638954401
2026-08-13 00:00:00+00:00,0.02496964856982231
2026-08-14 00:00:00+00:00,0.02496230974793434
2026-08-15 00:00:00+00:00,0.024993712082505226
2026-08-16 00:00:00+00:00,0.024972982704639435
2026-08-17 00:00:00+00:00,0.02486109547317028
2026-08-18 00:00:00+00:00,0.025005489587783813
2026-08-19 00:00:00+00:00,0.024921925738453865
2026-08-20 00:00:00+00:00,0.025475332513451576
2026-08-21 00:00:00+00:00,0.025017129257321358
2026-08-22 00:00:00+00:00,0.024871425703167915
2026-08-23 00:00:00+00:00,0.024835918098688126
2026-08-24 00:00:00+00:00,0.025202179327607155
2026-08-25 00:00:00+00:00,0.025177249684929848
2026-08-26 00:00:00+00:00,0.02511567808687687
2026-08-27 00:00:00+00:00,0.02525806799530983
2026-08-28 00:00:00+00:00,0.025079764425754547
2026-08-29 00:00:00+00:00,0.02508629485964775
2026-08-30 00:00:00+00:00,0.025129297748208046
2026-08-31 00:00:00+00:00,0.0258041899651289
2026-09-01 00:00:00+00:00,0.02501915581524372
2026-09-02 00:00:00+00:00,0.025093795731663704
2026-09-03 00:00:00+00:00,0.025223106145858765
2026-09-04 00:00:00+00:00,0.02520085871219635
2026-09-05 00:00:00+00:00,0.025080841034650803
2026-09-06 00:00:00+00:00,0.025016384199261665
2026-09-07 00:00:00+00:00,0.025061795487999916
2026-09-08 00:00:00+00:00,0.025081802159547806
2026-09-09 00:00:00+00:00,0.024987341836094856
2026-09-10 00:00:00+00:00,0.02529262937605381
2026-09-11 00:00:00+00:00,0.024999041110277176
2026-09-12 00:00:00+00:00,0.025040872395038605
2026-09-13 00:00:00+00:00,0.02501298487186432
2026-09-14 00:00:00+00:00,0.024794934317469597
2026-09-15 00:00:00+00:00,0.024839363992214203
2026-09-16 00:00:00+00:00,0.024780796840786934
2026-09-17 00:00:00+00:00,0.025293413549661636
2026-09-18 00:00:00+00:00,0.0247650109231472
2026-09-19 00:00:00+00:00,0.02481009066104889
2026-09-20 00:00:00+00:00,0.02478327415883541
