date,lstm_forecast_vol
2025-09-22 00:00:00+00:00,0.028650231659412384
2025-09-23 00:00:00+00:00,0.028582178056240082
2025-09-24 00:00:00+00:00,0.028638506308197975
2025-09-25 00:00:00+00:00,0.028547974303364754
2025-09-26 00:00:00+00:00,0.028664102777838707
2025-09-27 00:00:00+00:00,0.028567848727107048
2025-09-28 00:00:00+00:00,0.028559120371937752
2025-09-29 00:00:00+00:00,0.02865968830883503
2025-09-30 00:00:00+00:00,0.028593340888619423
2025-10-01 00:00:00+00:00,0.02856895886361599
2025-10-02 00:00:00+00:00,0.02879183553159237
2025-10-03 00:00:00+00:00,0.028652431443333626
2025-10-04 00:00:00+00:00,0.028615431860089302
2025-10-05 00:00:00+00:00,0.028548527508974075
2025-10-06 00:00:00+00:00,0.02854292467236519
2025-10-07 00:00:00+00:00,0.02860618755221367
2025-10-08 00:00:00+00:00,0.02893705479800701
2025-10-09 00:00:00+00:00,0.02855849266052246
2025-10-10 00:00:00+00:00,0.02858702838420868
2025-10-11 00:00:00+00:00,0.028894560411572456
2025-10-12 00:00:00+00:00,0.028562040999531746
2025-10-13 00:00:00+00:00,0.028642425313591957
2025-10-14 00:00:00+00:00,0.0287412591278553
2025-10-15 00:00:00+00:00,0.028565838932991028
2025-10-16 00:00:00+00:00,0.028703665360808372
2025-10-17 00:00:00+00:00,0.028773773461580276
2025-10-18 00:00:00+00:00,0.028707291930913925
2025-10-19 00:00:00+00:00,0.02855532616376877
2025-10-20 00:00:00+00:00,0.028849884867668152
2025-10-21 00:00:00+00:00,0.028591174632310867
2025-10-22 00:00:00+00:00,0.02981489896774292
2025-10-23 00:00:00+00:00,0.030102303251624107
2025-10-24 00:00:00+00:00,0.029568985104560852
2025-10-25 00:00:00+00:00,0.02955186739563942
2025-10-26 00:00:00+00:00,0.02958684042096138
2025-10-27 00:00:00+00:00,0.02960839867591858
2025-10-28 00:00:00+00:00,0.02955779992043972
2025-10-29 00:00:00+00:00,0.029648572206497192
2025-10-30 00:00:00+00:00,0.02989765629172325
2025-10-31 00:00:00+00:00,0.029673196375370026
2025-11-01 00:00:00+00:00,0.02959187887609005
2025-11-02 00:00:00+00:00,0.02954811230301857
2025-11-03 00:00:00+00:00,0.030058162286877632
2025-11-04 00:00:00+00:00,0.02962636947631836
2025-11-05 00:00:00+00:00,0.029989343136548996
2025-11-06 00:00:00+00:00,0.029558412730693817
2025-11-07 00:00:00+00:00,0.029576599597930908
2025-11-08 00:00:00+00:00,0.029629791155457497
2025-11-09 00:00:00+00:00,0.02959735319018364
2025-11-10 00:00:00+00:00,0.02956554666161537
2025-11-11 00:00:00+00:00,0.029607269912958145
2025-11-12 00:00:00+00:00,0.029634395614266396
2025-11-13 00:00:00+00:00,0.02959211729466915
2025-11-14 00:00:00+00:00,0.029586151242256165
2025-11-15 00:00:00+00:00,0.030233856290578842
2025-11-16 00:00:00+00:00,0.0295695923268795
2025-11-17 00:00:00+00:00,0.029563141986727715
2025-11-18 00:00:00+00:00,0.02959022857248783
2025-11-19 00:00:00+00:00,0.02956542558968067
2025-11-20 00:00:00+00:00,0.030080078169703484
2025-11-21 00:00:00+00:00,0.03365231677889824
2025-11-22 00:00:00+00:00,0.033509511500597
2025-11-23 00:00:00+00:00,0.032836176455020905
2025-11-24 00:00:00+00:00,0.03317411616444588
2025-11-25 00:00:00+00:00,0.0326293408870697
2025-11-26 00:00:00+00:00,0.03269483521580696
2025-11-27 00:00:00+00:00,0.03257443755865097
2025-11-28 00:00:00+00:00,0.03261735662817955
2025-11-29 00:00:00+00:00,0.03263986483216286
2025-11-30 00:00:00+00:00,0.03257131576538086
2025-12-01 00:00:00+00:00,0.0332588367164135
2025-12-02 00:00:00+00:00,0.032577868551015854
2025-12-03 00:00:00+00:00,0.03281807899475098
2025-12-04 00:00:00+00:00,0.03257596865296364
2025-12-05 00:00:00+00:00,0.032660163938999176
2025-12-06 00:00:00+00:00,0.03260807320475578
2025-12-07 00:00:00+00:00,0.032596997916698456
2025-12-08 00:00:00+00:00,0.032984599471092224
2025-12-09 00:00:00+00:00,0.03262509033083916
2025-12-10 00:00:00+00:00,0.03266165032982826
2025-12-11 00:00:00+00:00,0.03279270604252815
2025-12-12 00:00:00+00:00,0.03258025273680687
2025-12-13 00:00:00+00:00,0.03263881430029869
2025-12-14 00:00:00+00:00,0.032566219568252563
2025-12-15 00:00:00+00:00,0.03266848996281624
2025-12-16 00:00:00+00:00,0.032675985246896744
2025-12-17 00:00:00+00:00,0.032625578343868256
2025-12-18 00:00:00+00:00,0.03257825970649719
2025-12-19 00:00:00+00:00,0.03258168324828148
2025-12-20 00:00:00+00:00,0.03263977915048599
2025-12-21 00:00:00+00:00,0.032500166445970535
2025-12-22 00:00:00+00:00,0.03253226727247238
2025-12-23 00:00:00+00:00,0.03251709043979645
2025-12-24 00:00:00+00:00,0.03252650052309036
2025-12-25 00:00:00+00:00,0.03262367844581604
2025-12-26 00:00:00+00:00,0.03273995220661163
2025-12-27 00:00:00+00:00,0.03252479434013367
2025-12-28 00:00:00+00:00,0.032630324363708496
2025-12-29 00:00:00+00:00,0.032496243715286255
2025-12-30 00:00:00+00:00,0.032496437430381775
2025-12-31 00:00:00+00:00,0.03251844272017479
2026-01-01 00:00:00+00:00,0.03254903480410576
2026-01-02 00:00:00+00:00,0.03252170607447624
2026-01-03 00:00:00+00:00,0.03256937861442566
2026-01-04 00:00:00+00:00,0.032518163323402405
2026-01-05 00:00:00+00:00,0.03252960741519928
2026-01-06 00:00:00+00:00,0.03264615312218666
2026-01-07 00:00:00+00:00,0.03264547511935234
2026-01-08 00:00:00+00:00,0.032613836228847504
2026-01-09 00:00:00+00:00,0.03261873498558998
2026-01-10 00:00:00+00:00,0.03250502422451973
2026-01-11 00:00:00+00:00,0.03253542631864548
2026-01-12 00:00:00+00:00,0.032607242465019226
2026-01-13 00:00:00+00:00,0.03249630704522133
2026-01-14 00:00:00+00:00,0.03288489952683449
2026-01-15 00:00:00+00:00,0.032549548894166946
2026-01-16 00:00:00+00:00,0.03254980966448784
2026-01-17 00:00:00+00:00,0.03250552713871002
2026-01-18 00:00:00+00:00,0.03255471587181091
2026-01-19 00:00:00+00:00,0.03385091945528984
2026-01-20 00:00:00+00:00,0.028764987364411354
2026-01-21 00:00:00+00:00,0.028886418789625168
2026-01-22 00:00:00+00:00,0.02905971184372902
2026-01-23 00:00:00+00:00,0.02874830551445484
2026-01-24 00:00:00+00:00,0.028768859803676605
2026-01-25 00:00:00+00:00,0.028814785182476044
2026-01-26 00:00:00+00:00,0.02882351167500019
2026-01-27 00:00:00+00:00,0.028764527291059494
2026-01-28 00:00:00+00:00,0.02878616377711296
2026-01-29 00:00:00+00:00,0.028800999745726585
2026-01-30 00:00:00+00:00,0.028760137036442757
2026-01-31 00:00:00+00:00,0.02876408025622368
2026-02-01 00:00:00+00:00,0.029262196272611618
2026-02-02 00:00:00+00:00,0.029967406764626503
2026-02-03 00:00:00+00:00,0.028780799359083176
2026-02-04 00:00:00+00:00,0.02890428900718689
2026-02-05 00:00:00+00:00,0.029272982850670815
2026-02-06 00:00:00+00:00,0.030245592817664146
2026-02-07 00:00:00+00:00,0.028898928314447403
2026-02-08 00:00:00+00:00,0.028769416734576225
2026-02-09 00:00:00+00:00,0.029020903632044792
2026-02-10 00:00:00+00:00,0.028865406289696693
2026-02-11 00:00:00+00:00,0.028789516538381577
2026-02-12 00:00:00+00:00,0.028902525082230568
2026-02-13 00:00:00+00:00,0.028803711757063866
2026-02-14 00:00:00+00:00,0.02879931777715683
2026-02-15 00:00:00+00:00,0.028780126944184303
2026-02-16 00:00:00+00:00,0.028783289715647697
2026-02-17 00:00:00+00:00,0.02884134091436863
2026-02-18 00:00:00+00:00,0.02876988984644413
2026-02-19 00:00:00+00:00,0.028114957734942436
2026-02-20 00:00:00+00:00,0.028069593012332916
2026-02-21 00:00:00+00:00,0.028013935312628746
2026-02-22 00:00:00+00:00,0.028007831424474716
2026-02-23 00:00:00+00:00,0.028003571555018425
2026-02-24 00:00:00+00:00,0.0280265212059021
2026-02-25 00:00:00+00:00,0.028089910745620728
2026-02-26 00:00:00+00:00,0.028447981923818588
2026-02-27 00:00:00+00:00,0.02804110385477543
2026-02-28 00:00:00+00:00,0.028129659593105316
2026-03-01 00:00:00+00:00,0.028005240485072136
2026-03-02 00:00:00+00:00,0.028291599825024605
2026-03-03 00:00:00+00:00,0.02846396714448929
2026-03-04 00:00:00+00:00,0.028011122718453407
2026-03-05 00:00:00+00:00,0.028051160275936127
2026-03-06 00:00:00+00:00,0.02805815264582634
2026-03-07 00:00:00+00:00,0.028078360483050346
2026-03-08 00:00:00+00:00,0.028037507086992264
2026-03-09 00:00:00+00:00,0.028059937059879303
2026-03-10 00:00:00+00:00,0.028134603053331375
2026-03-11 00:00:00+00:00,0.028131451457738876
2026-03-12 00:00:00+00:00,0.028100736439228058
2026-03-13 00:00:00+00:00,0.028114287182688713
2026-03-14 00:00:00+00:00,0.02804892137646675
2026-03-15 00:00:00+00:00,0.02818266674876213
2026-03-16 00:00:00+00:00,0.028144465759396553
2026-03-17 00:00:00+00:00,0.02802872657775879
2026-03-18 00:00:00+00:00,0.028110399842262268
2026-03-19 00:00:00+00:00,0.028125416487455368
2026-03-20 00:00:00+00:00,0.02801683358848095
2026-03-21 00:00:00+00:00,0.034475479274988174
2026-03-22 00:00:00+00:00,0.03845271095633507
2026-03-23 00:00:00+00:00,0.03450225293636322
2026-03-24 00:00:00+00:00,0.03439372405409813
2026-03-25 00:00:00+00:00,0.03459201380610466
2026-03-26 00:00:00+00:00,0.034435663372278214
2026-03-27 00:00:00+00:00,0.03443658724427223
2026-03-28 00:00:00+00:00,0.03451968729496002
2026-03-29 00:00:00+00:00,0.034689098596572876
2026-03-30 00:00:00+00:00,0.034728098660707474
2026-03-31 00:00:00+00:00,0.034455299377441406
2026-04-01 00:00:00+00:00,0.03455736115574837
2026-04-02 00:00:00+00:00,0.034418679773807526
2026-04-03 00:00:00+00:00,0.03440862521529198
2026-04-04 00:00:00+00:00,0.03442024812102318
2026-04-05 00:00:00+00:00,0.03441319614648819
2026-04-06 00:00:00+00:00,0.035172559320926666
2026-04-07 00:00:00+00:00,0.03451650217175484
2026-04-08 00:00:00+00:00,0.03548668324947357
2026-04-09 00:00:00+00:00,0.034439049661159515
2026-04-10 00:00:00+00:00,0.03447485342621803
2026-04-11 00:00:00+00:00,0.034438133239746094
2026-04-12 00:00:00+00:00,0.034520700573921204
2026-04-13 00:00:00+00:00,0.03447546064853668
2026-04-14 00:00:00+00:00,0.03567449748516083
2026-04-15 00:00:00+00:00,0.03450947627425194
2026-04-16 00:00:00+00:00,0.034407224506139755
2026-04-17 00:00:00+00:00,0.03446430340409279
2026-04-18 00:00:00+00:00,0.034551315009593964
2026-04-19 00:00:00+00:00,0.03443393483757973
2026-04-20 00:00:00+00:00,0.027839289978146553
2026-04-21 00:00:00+00:00,0.027826502919197083
2026-04-22 00:00:00+00:00,0.028064299374818802
2026-04-23 00:00:00+00:00,0.028141843155026436
2026-04-24 00:00:00+00:00,0.02780236303806305
2026-04-25 00:00:00+00:00,0.027832327410578728
2026-04-26 00:00:00+00:00,0.027815304696559906
2026-04-27 00:00:00+00:00,0.02789323218166828
2026-04-28 00:00:00+00:00,0.027927808463573456
2026-04-29 00:00:00+00:00,0.02783483825623989
2026-04-30 00:00:00+00:00,0.02781827189028263
2026-05-01 00:00:00+00:00,0.027835991233587265
2026-05-02 00:00:00+00:00,0.027817772701382637
2026-05-03 00:00:00+00:00,0.027867812663316727
2026-05-04 00:00:00+00:00,0.02805776335299015
2026-05-05 00:00:00+00:00,0.02784237638115883
2026-05-06 00:00:00+00:00,0.027838632464408875
2026-05-07 00:00:00+00:00,0.027839336544275284
2026-05-08 00:00:00+00:00,0.0278455913066864
2026-05-09 00:00:00+00:00,0.027814947068691254
2026-05-10 00:00:00+00:00,0.027814337983727455
2026-05-11 00:00:00+00:00,0.027886349707841873
2026-05-12 00:00:00+00:00,0.02780301310122013
2026-05-13 00:00:00+00:00,0.02784569561481476
2026-05-14 00:00:00+00:00,0.027798665687441826
2026-05-15 00:00:00+00:00,0.027937324717640877
2026-05-16 00:00:00+00:00,0.027802204713225365
2026-05-17 00:00:00+00:00,0.027801714837551117
2026-05-18 00:00:00+00:00,0.029363756999373436
2026-05-19 00:00:00+00:00,0.027826782315969467
2026-05-20 00:00:00+00:00,0.02664904110133648
2026-05-21 00:00:00+00:00,0.026570795103907585
2026-05-22 00:00:00+00:00,0.026582472026348114
2026-05-23 00:00:00+00:00,0.026580413803458214
2026-05-24 00:00:00+00:00,0.026578055694699287
2026-05-25 00:00:00+00:00,0.026719002053141594
2026-05-26 00:00:00+00:00,0.02672836370766163
2026-05-27 00:00:00+00:00,0.026636244729161263
2026-05-28 00:00:00+00:00,0.026569629088044167
2026-05-29 00:00:00+00:00,0.026636257767677307
2026-05-30 00:00:00+00:00,0.0265678558498621
2026-05-31 00:00:00+00:00,0.02655733749270439
2026-06-01 00:00:00+00:00,0.02657146006822586
2026-06-02 00:00:00+00:00,0.026598848402500153
2026-06-03 00:00:00+00:00,0.02666497230529785
2026-06-04 00:00:00+00:00,0.026833362877368927
2026-06-05 00:00:00+00:00,0.026597999036312103
2026-06-06 00:00:00+00:00,0.02672465890645981
2026-06-07 00:00:00+00:00,0.02688482403755188
2026-06-08 00:00:00+00:00,0.02732977829873562
2026-06-09 00:00:00+00:00,0.02667299658060074
2026-06-10 00:00:00+00:00,0.026564156636595726
2026-06-11 00:00:00+00:00,0.026672406122088432
2026-06-12 00:00:00+00:00,0.026561757549643517
2026-06-13 00:00:00+00:00,0.026630964130163193
2026-06-14 00:00:00+00:00,0.02655843272805214
2026-06-15 00:00:00+00:00,0.026647482067346573
2026-06-16 00:00:00+00:00,0.026716211810708046
2026-06-17 00:00:00+00:00,0.026562510058283806
2026-06-18 00:00:00+00:00,0.02680322900414467
2026-06-19 00:00:00+00:00,0.025891859084367752
2026-06-20 00:00:00+00:00,0.02588033489882946
2026-06-21 00:00:00+00:00,0.025824103504419327
2026-06-22 00:00:00+00:00,0.02590099722146988
2026-06-23 00:00:00+00:00,0.025891298428177834
2026-06-24 00:00:00+00:00,0.025855425745248795
2026-06-25 00:00:00+00:00,0.025965243577957153
2026-06-26 00:00:00+00:00,0.025836704298853874
2026-06-27 00:00:00+00:00,0.02582528628408909
2026-06-28 00:00:00+00:00,0.025839971378445625
2026-06-29 00:00:00+00:00,0.02628910541534424
2026-06-30 00:00:00+00:00,0.02581896260380745
2026-07-01 00:00:00+00:00,0.025903958827257156
2026-07-02 00:00:00+00:00,0.025948960334062576
2026-07-03 00:00:00+00:00,0.025880316272377968
2026-07-04 00:00:00+00:00,0.02582535520195961
2026-07-05 00:00:00+00:00,0.025828378275036812
2026-07-06 00:00:00+00:00,0.025830373167991638
2026-07-07 00:00:00+00:00,0.02585674449801445
2026-07-08 00:00:00+00:00,0.02582797221839428
2026-07-09 00:00:00+00:00,0.02584836073219776
2026-07-10 00:00:00+00:00,0.025817641988396645
2026-07-11 00:00:00+00:00,0.025837382301688194
2026-07-12 00:00:00+00:00,0.02628677524626255
2026-07-13 00:00:00+00:00,0.025843432173132896
2026-07-14 00:00:00+00:00,0.026347806677222252
2026-07-15 00:00:00+00:00,0.026014089584350586
2026-07-16 00:00:00+00:00,0.025834055617451668
2026-07-17 00:00:00+00:00,0.02583313174545765
2026-07-18 00:00:00+00:00,0.025842176750302315
2026-07-19 00:00:00+00:00,0.025546951219439507
2026-07-20 00:00:00+00:00,0.025578411296010017
2026-07-21 00:00:00+00:00,0.025724180042743683
2026-07-22 00:00:00+00:00,0.025723230093717575
2026-07-23 00:00:00+00:00,0.02555593103170395
2026-07-24 00:00:00+00:00,0.025560038164258003
2026-07-25 00:00:00+00:00,0.025575021281838417
2026-07-26 00:00:00+00:00,0.025546805933117867
2026-07-27 00:00:00+00:00,0.025668857619166374
2026-07-28 00:00:00+00:00,0.0257176011800766
2026-07-29 00:00:00+00:00,0.025762571021914482
2026-07-30 00:00:00+00:00,0.025609677657485008
2026-07-31 00:00:00+00:00,0.025579242035746574
2026-08-01 00:00:00+00:00,0.025560732930898666
2026-08-02 00:00:00+00:00,0.025549454614520073
2026-08-03 00:00:00+00:00,0.025601817294955254
2026-08-04 00:00:00+00:00,0.025547116994857788
2026-08-05 00:00:00+00:00,0.02556694857776165
2026-08-06 00:00:00+00:00,0.025575723499059677
2026-08-07 00:00:00+00:00,0.02554566040635109
2026-08-08 00:00:00+00:00,0.025545306503772736
2026-08-09 00:00:00+00:00,0.02554606832563877
2026-08-10 00:00:00+00:00,0.02559112384915352
2026-08-11 00:00:00+00:00,0.02555103972554207
2026-08-12 00:00:00+00:00,0.025551337748765945
2026-08-13 00:00:00+00:00,0.025565121322870255
2026-08-14 00:00:00+00:00,0.02555139735341072
2026-08-15 00:00:00+00:00,0.025581827387213707
2026-08-16 00:00:00+00:00,0.025547964498400688
2026-08-17 00:00:00+00:00,0.02554495260119438
2026-08-18 00:00:00+00:00,0.02496139332652092
2026-08-19 00:00:00+00:00,0.024860793724656105
2026-08-20 00:00:00+00:00,0.02523326501250267
2026-08-21 00:00:00+00:00,0.024991655722260475
2026-08-22 00:00:00+00:00,0.02484377659857273
2026-08-23 00:00:00+00:00,0.024911627173423767
2026-08-24 00:00:00+00:00,0.024913033470511436
2026-08-25 00:00:00+00:00,0.024900134652853012
2026-08-26 00:00:00+00:00,0.024849332869052887
2026-08-27 00:00:00+00:00,0.02498808689415455
2026-08-28 00:00:00+00:00,0.024805933237075806
2026-08-29 00:00:00+00:00,0.02481260523200035
2026-08-30 00:00:00+00:00,0.02485143207013607
2026-08-31 00:00:00+00:00,0.026001278311014175
2026-09-01 00:00:00+00:00,0.02479611709713936
2026-09-02 00:00:00+00:00,0.02485804446041584
2026-09-03 00:00:00+00:00,0.024982241913676262
2026-09-04 00:00:00+00:00,0.02495330199599266
2026-09-05 00:00:00+00:00,0.024844298139214516
2026-09-06 00:00:00+00:00,0.024794060736894608
2026-09-07 00:00:00+00:00,0.02486596256494522
2026-09-08 00:00:00+00:00,0.024883460253477097
2026-09-09 00:00:00+00:00,0.0248011015355587
2026-09-10 00:00:00+00:00,0.025101006031036377
2026-09-11 00:00:00+00:00,0.024820426478981972
2026-09-12 00:00:00+00:00,0.02484653703868389
2026-09-13 00:00:00+00:00,0.02482236735522747
2026-09-14 00:00:00+00:00,0.024846110492944717
2026-09-15 00:00:00+00:00,0.02490915358066559
2026-09-16 00:00:00+00:00,0.024808339774608612
2026-09-17 00:00:00+00:00,0.025091813877224922
2026-09-18 00:00:00+00:00,0.024574648588895798
2026-09-19 00:00:00+00:00,0.024580802768468857
2026-09-20 00:00:00+00:00,0.02457890845835209
