date,persistence_forecast_vol
2025-09-22 00:00:00+00:00,0.009313001434143367
2025-09-23 00:00:00+00:00,0.038272146243818674
2025-09-24 00:00:00+00:00,0.020518512756827652
2025-09-25 00:00:00+00:00,0.019926742928872972
2025-09-26 00:00:00+00:00,0.04696956625626384
2025-09-27 00:00:00+00:00,0.03209462850340596
2025-09-28 00:00:00+00:00,0.012131508509683447
2025-09-29 00:00:00+00:00,0.024007444513138382
2025-09-30 00:00:00+00:00,0.025015821025879677
2025-10-01 00:00:00+00:00,0.02208310507221358
2025-10-02 00:00:00+00:00,0.04100697930420992
2025-10-03 00:00:00+00:00,0.02677103881671143
2025-10-04 00:00:00+00:00,0.02348356713617603
2025-10-05 00:00:00+00:00,0.012219414327583097
2025-10-06 00:00:00+00:00,0.0247967036615746
2025-10-07 00:00:00+00:00,0.02240603318917004
2025-10-08 00:00:00+00:00,0.037729512334289214
2025-10-09 00:00:00+00:00,0.022267420967559206
2025-10-10 00:00:00+00:00,0.03966150602616439
2025-10-11 00:00:00+00:00,0.06860528401823657
2025-10-12 00:00:00+00:00,0.05349405398831258
2025-10-13 00:00:00+00:00,0.054564528304973894
2025-10-14 00:00:00+00:00,0.04382508985776903
2025-10-15 00:00:00+00:00,0.043036389754104544
2025-10-16 00:00:00+00:00,0.030630729260455628
2025-10-17 00:00:00+00:00,0.04331551576365541
2025-10-18 00:00:00+00:00,0.04135872769748478
2025-10-19 00:00:00+00:00,0.018234309417702863
2025-10-20 00:00:00+00:00,0.026492967340115307
2025-10-21 00:00:00+00:00,0.030318236586964736
2025-10-22 00:00:00+00:00,0.053011762177987046
2025-10-23 00:00:00+00:00,0.027150152989473073
2025-10-24 00:00:00+00:00,0.025500768932564567
2025-10-25 00:00:00+00:00,0.028320638059992298
2025-10-26 00:00:00+00:00,0.013463894214189857
2025-10-27 00:00:00+00:00,0.028831819707421474
2025-10-28 00:00:00+00:00,0.027459552865128783
2025-10-29 00:00:00+00:00,0.035210696095803476
2025-10-30 00:00:00+00:00,0.03544881885301152
2025-10-31 00:00:00+00:00,0.04281921947912831
2025-11-01 00:00:00+00:00,0.027776528167827167
2025-11-02 00:00:00+00:00,0.012938454566262136
2025-11-03 00:00:00+00:00,0.019935480458945755
2025-11-04 00:00:00+00:00,0.0535627871374199
2025-11-05 00:00:00+00:00,0.06440292930386612
2025-11-06 00:00:00+00:00,0.041660574172034975
2025-11-07 00:00:00+00:00,0.04046410137294052
2025-11-08 00:00:00+00:00,0.04002440783927601
2025-11-09 00:00:00+00:00,0.02078534115531328
2025-11-10 00:00:00+00:00,0.028134345390535536
2025-11-11 00:00:00+00:00,0.03486405642376719
2025-11-12 00:00:00+00:00,0.027002598554222372
2025-11-13 00:00:00+00:00,0.04083385576528678
2025-11-14 00:00:00+00:00,0.048762377941941756
2025-11-15 00:00:00+00:00,0.056161317135016306
2025-11-16 00:00:00+00:00,0.027469535534444686
2025-11-17 00:00:00+00:00,0.042795204641355736
2025-11-18 00:00:00+00:00,0.045744333026123976
2025-11-19 00:00:00+00:00,0.03827512719243203
2025-11-20 00:00:00+00:00,0.053341224622101016
2025-11-21 00:00:00+00:00,0.050193573867477075
2025-11-22 00:00:00+00:00,0.06605229050222794
2025-11-23 00:00:00+00:00,0.028194774923832447
2025-11-24 00:00:00+00:00,0.030862253163309573
2025-11-25 00:00:00+00:00,0.04337531997063951
2025-11-26 00:00:00+00:00,0.03323172396020064
2025-11-27 00:00:00+00:00,0.036486636883070925
2025-11-28 00:00:00+00:00,0.020435304713854012
2025-11-29 00:00:00+00:00,0.033388856692006225
2025-11-30 00:00:00+00:00,0.020157083185457097
2025-12-01 00:00:00+00:00,0.02127350524848267
2025-12-02 00:00:00+00:00,0.06253163265391551
2025-12-03 00:00:00+00:00,0.0471847473248482
2025-12-04 00:00:00+00:00,0.023914952369709336
2025-12-05 00:00:00+00:00,0.03258480520894933
2025-12-06 00:00:00+00:00,0.03441161535169691
2025-12-07 00:00:00+00:00,0.014584010043680021
2025-12-08 00:00:00+00:00,0.05553535082921346
2025-12-09 00:00:00+00:00,0.02499801367918402
2025-12-10 00:00:00+00:00,0.059215784684637854
2025-12-11 00:00:00+00:00,0.023101188032412758
2025-12-12 00:00:00+00:00,0.030034335811236365
2025-12-13 00:00:00+00:00,0.05625582671332535
2025-12-14 00:00:00+00:00,0.009614550175939651
2025-12-15 00:00:00+00:00,0.014765737848845118
2025-12-16 00:00:00+00:00,0.04038533828183853
2025-12-17 00:00:00+00:00,0.03029282552178867
2025-12-18 00:00:00+00:00,0.04312086130943992
2025-12-19 00:00:00+00:00,0.054492412785352204
2025-12-20 00:00:00+00:00,0.03354834318033857
2025-12-21 00:00:00+00:00,0.0068685063782063255
2025-12-22 00:00:00+00:00,0.019978513171581894
2025-12-23 00:00:00+00:00,0.021200201061106944
2025-12-24 00:00:00+00:00,0.030356144924068247
2025-12-25 00:00:00+00:00,0.01713699382193415
2025-12-26 00:00:00+00:00,0.016972876214341875
2025-12-27 00:00:00+00:00,0.03247944761195136
2025-12-28 00:00:00+00:00,0.008039173711091191
2025-12-29 00:00:00+00:00,0.00897697703726095
2025-12-30 00:00:00+00:00,0.026430760959351807
2025-12-31 00:00:00+00:00,0.0156497361002977
2026-01-01 00:00:00+00:00,0.013361172160531561
2026-01-02 00:00:00+00:00,0.00817284552298706
2026-01-03 00:00:00+00:00,0.0234236211762425
2026-01-04 00:00:00+00:00,0.00860509469303277
2026-01-05 00:00:00+00:00,0.012624681893336447
2026-01-06 00:00:00+00:00,0.023368258635331315
2026-01-07 00:00:00+00:00,0.02898170015012203
2026-01-08 00:00:00+00:00,0.0268614953519011
2026-01-09 00:00:00+00:00,0.025050666751120002
2026-01-10 00:00:00+00:00,0.022248695571465107
2026-01-11 00:00:00+00:00,0.006992364472400692
2026-01-12 00:00:00+00:00,0.011031659762917994
2026-01-13 00:00:00+00:00,0.020695960270842563
2026-01-14 00:00:00+00:00,0.04155920207643654
2026-01-15 00:00:00+00:00,0.02611682568870338
2026-01-16 00:00:00+00:00,0.02325992424068386
2026-01-17 00:00:00+00:00,0.015396138613909238
2026-01-18 00:00:00+00:00,0.008854800112739385
2026-01-19 00:00:00+00:00,0.02287743118278983
2026-01-20 00:00:00+00:00,0.024935485687463312
2026-01-21 00:00:00+00:00,0.031065606885784816
2026-01-22 00:00:00+00:00,0.0644580210919068
2026-01-23 00:00:00+00:00,0.02301074134542413
2026-01-24 00:00:00+00:00,0.026653418660525265
2026-01-25 00:00:00+00:00,0.009011322859329955
2026-01-26 00:00:00+00:00,0.02353267426650399
2026-01-27 00:00:00+00:00,0.029672929459291175
2026-01-28 00:00:00+00:00,0.03689338034048525
2026-01-29 00:00:00+00:00,0.016975980507338378
2026-01-30 00:00:00+00:00,0.04082584743812122
2026-01-31 00:00:00+00:00,0.04045187988286292
2026-02-01 00:00:00+00:00,0.05881772958007148
2026-02-02 00:00:00+00:00,0.05202161086550541
2026-02-03 00:00:00+00:00,0.04633975279422821
2026-02-04 00:00:00+00:00,0.09241421033466603
2026-02-05 00:00:00+00:00,0.048965416034024066
2026-02-06 00:00:00+00:00,0.07378990016177389
2026-02-07 00:00:00+00:00,0.07677302905028688
2026-02-08 00:00:00+00:00,0.04052658322008927
2026-02-09 00:00:00+00:00,0.03712507988780101
2026-02-10 00:00:00+00:00,0.03531387444152061
2026-02-11 00:00:00+00:00,0.04043961827955641
2026-02-12 00:00:00+00:00,0.03407565028893
2026-02-13 00:00:00+00:00,0.035241592547016254
2026-02-14 00:00:00+00:00,0.0336575367615326
2026-02-15 00:00:00+00:00,0.023394900431077142
2026-02-16 00:00:00+00:00,0.038442272807452466
2026-02-17 00:00:00+00:00,0.0339597632949163
2026-02-18 00:00:00+00:00,0.03487951519443115
2026-02-19 00:00:00+00:00,0.024884547890660847
2026-02-20 00:00:00+00:00,0.023801667041065844
2026-02-21 00:00:00+00:00,0.023603981017441288
2026-02-22 00:00:00+00:00,0.012286644773087928
2026-02-23 00:00:00+00:00,0.014988991111515124
2026-02-24 00:00:00+00:00,0.04951021960466925
2026-02-25 00:00:00+00:00,0.024526042509126742
2026-02-26 00:00:00+00:00,0.054163073416643163
2026-02-27 00:00:00+00:00,0.03641330512607391
2026-02-28 00:00:00+00:00,0.03048307229749451
2026-03-01 00:00:00+00:00,0.054026010141425815
2026-03-02 00:00:00+00:00,0.045279060596804914
2026-03-03 00:00:00+00:00,0.05318937537245862
2026-03-04 00:00:00+00:00,0.03277462958604373
2026-03-05 00:00:00+00:00,0.05256056326653519
2026-03-06 00:00:00+00:00,0.035816606481439445
2026-03-07 00:00:00+00:00,0.029549373670400503
2026-03-08 00:00:00+00:00,0.015596216921563795
2026-03-09 00:00:00+00:00,0.028875169101846197
2026-03-10 00:00:00+00:00,0.03410828663966782
2026-03-11 00:00:00+00:00,0.03611280356430316
2026-03-12 00:00:00+00:00,0.02880385163800181
2026-03-13 00:00:00+00:00,0.026609248958089436
2026-03-14 00:00:00+00:00,0.04348999496880927
2026-03-15 00:00:00+00:00,0.014628230109528292
2026-03-16 00:00:00+00:00,0.029052485480428072
2026-03-17 00:00:00+00:00,0.03847406267417168
2026-03-18 00:00:00+00:00,0.026710691370397863
2026-03-19 00:00:00+00:00,0.037991242607909315
2026-03-20 00:00:00+00:00,0.02995715631711846
2026-03-21 00:00:00+00:00,0.021364653519859635
2026-03-22 00:00:00+00:00,0.03193087230938912
2026-03-23 00:00:00+00:00,0.019650521315834762
2026-03-24 00:00:00+00:00,0.057353490093408
2026-03-25 00:00:00+00:00,0.02641057857772204
2026-03-26 00:00:00+00:00,0.015796363343443493
2026-03-27 00:00:00+00:00,0.027483002562280742
2026-03-28 00:00:00+00:00,0.030007496614248237
2026-03-29 00:00:00+00:00,0.019471119496227363
2026-03-30 00:00:00+00:00,0.020961123467469114
2026-03-31 00:00:00+00:00,0.026107459131609112
2026-04-01 00:00:00+00:00,0.037593007505292084
2026-04-02 00:00:00+00:00,0.027490204595090904
2026-04-03 00:00:00+00:00,0.03713832447636417
2026-04-04 00:00:00+00:00,0.010437349457962547
2026-04-05 00:00:00+00:00,0.007421117709171819
2026-04-06 00:00:00+00:00,0.022858954763207408
2026-04-07 00:00:00+00:00,0.0257748141159506
2026-04-08 00:00:00+00:00,0.047676375373933835
2026-04-09 00:00:00+00:00,0.030694338679458356
2026-04-10 00:00:00+00:00,0.026312413616858547
2026-04-11 00:00:00+00:00,0.021159648664182705
2026-04-12 00:00:00+00:00,0.02514621066394772
2026-04-13 00:00:00+00:00,0.033724146267355974
2026-04-14 00:00:00+00:00,0.04861909513669409
2026-04-15 00:00:00+00:00,0.02837030947357683
2026-04-16 00:00:00+00:00,0.01916366185662811
2026-04-17 00:00:00+00:00,0.02586271087278675
2026-04-18 00:00:00+00:00,0.034357327490579466
2026-04-19 00:00:00+00:00,0.01648153945165238
2026-04-20 00:00:00+00:00,0.018106733462171856
2026-04-21 00:00:00+00:00,0.026024915943198074
2026-04-22 00:00:00+00:00,0.017268599088964064
2026-04-23 00:00:00+00:00,0.030634176867374605
2026-04-24 00:00:00+00:00,0.0206979500392811
2026-04-25 00:00:00+00:00,0.014055095323613495
2026-04-26 00:00:00+00:00,0.005659025267939871
2026-04-27 00:00:00+00:00,0.01204177029464628
2026-04-28 00:00:00+00:00,0.03346473776731609
2026-04-29 00:00:00+00:00,0.012279433929131806
2026-04-30 00:00:00+00:00,0.029974402723731575
2026-05-01 00:00:00+00:00,0.01845042040007243
2026-05-02 00:00:00+00:00,0.01800789872598185
2026-05-03 00:00:00+00:00,0.00942141403723912
2026-05-04 00:00:00+00:00,0.015588156952887077
2026-05-05 00:00:00+00:00,0.03091519256098504
2026-05-06 00:00:00+00:00,0.015384189018116756
2026-05-07 00:00:00+00:00,0.02219266445609984
2026-05-08 00:00:00+00:00,0.01682339166231909
2026-05-09 00:00:00+00:00,0.013976791445710733
2026-05-10 00:00:00+00:00,0.007984628730356037
2026-05-11 00:00:00+00:00,0.026479369539038455
2026-05-12 00:00:00+00:00,0.016172504037120315
2026-05-13 00:00:00+00:00,0.016598095623263295
2026-05-14 00:00:00+00:00,0.023811379149521347
2026-05-15 00:00:00+00:00,0.025423477230670594
2026-05-16 00:00:00+00:00,0.024299210616469773
2026-05-17 00:00:00+00:00,0.014567890883445045
2026-05-18 00:00:00+00:00,0.024806665763747324
2026-05-19 00:00:00+00:00,0.03409864218437686
2026-05-20 00:00:00+00:00,0.01694909243503896
2026-05-21 00:00:00+00:00,0.014370343734547264
2026-05-22 00:00:00+00:00,0.02034887938612821
2026-05-23 00:00:00+00:00,0.022426189648371307
2026-05-24 00:00:00+00:00,0.04100596015032225
2026-05-25 00:00:00+00:00,0.019269500617087713
2026-05-26 00:00:00+00:00,0.014824829634210085
2026-05-27 00:00:00+00:00,0.02329282121943082
2026-05-28 00:00:00+00:00,0.02557362421429949
2026-05-29 00:00:00+00:00,0.026867360125897476
2026-05-30 00:00:00+00:00,0.022215956721127313
2026-05-31 00:00:00+00:00,0.00688809900693912
2026-06-01 00:00:00+00:00,0.011701991844250246
2026-06-02 00:00:00+00:00,0.02348365136385099
2026-06-03 00:00:00+00:00,0.033190070673039036
2026-06-04 00:00:00+00:00,0.0532297052733857
2026-06-05 00:00:00+00:00,0.04524183538723908
2026-06-06 00:00:00+00:00,0.0696628860466235
2026-06-07 00:00:00+00:00,0.048747671269720315
2026-06-08 00:00:00+00:00,0.039675369895356215
2026-06-09 00:00:00+00:00,0.02807702313033576
2026-06-10 00:00:00+00:00,0.02877951033139107
2026-06-11 00:00:00+00:00,0.02952983101398927
2026-06-12 00:00:00+00:00,0.035904372548847326
2026-06-13 00:00:00+00:00,0.029043665267510253
2026-06-14 00:00:00+00:00,0.01151540380739654
2026-06-15 00:00:00+00:00,0.029847120477304673
2026-06-16 00:00:00+00:00,0.037398626752280874
2026-06-17 00:00:00+00:00,0.032277418379230205
2026-06-18 00:00:00+00:00,0.03222766932996737
2026-06-19 00:00:00+00:00,0.03998309040856637
2026-06-20 00:00:00+00:00,0.016842139194404408
2026-06-21 00:00:00+00:00,0.017009528055735478
2026-06-22 00:00:00+00:00,0.012988173337292729
2026-06-23 00:00:00+00:00,0.02746007845957558
2026-06-24 00:00:00+00:00,0.027746124039535303
2026-06-25 00:00:00+00:00,0.04361627879310666
2026-06-26 00:00:00+00:00,0.06906276542878358
2026-06-27 00:00:00+00:00,0.04584698850175105
2026-06-28 00:00:00+00:00,0.018180443389871355
2026-06-29 00:00:00+00:00,0.01749430691100255
2026-06-30 00:00:00+00:00,0.03113241114193811
2026-07-01 00:00:00+00:00,0.02531699038365128
2026-07-02 00:00:00+00:00,0.030058973113940346
2026-07-03 00:00:00+00:00,0.0378614408926843
2026-07-04 00:00:00+00:00,0.023403437969874714
2026-07-05 00:00:00+00:00,0.018009716592055938
2026-07-06 00:00:00+00:00,0.013567914491805297
2026-07-07 00:00:00+00:00,0.030726311395716053
2026-07-08 00:00:00+00:00,0.025868273584518132
2026-07-09 00:00:00+00:00,0.023996957024514157
2026-07-10 00:00:00+00:00,0.013998647763160241
2026-07-11 00:00:00+00:00,0.023359570350065355
2026-07-12 00:00:00+00:00,0.018294730177187198
2026-07-13 00:00:00+00:00,0.01670837354330275
2026-07-14 00:00:00+00:00,0.030092667278485273
2026-07-15 00:00:00+00:00,0.03742792458309112
2026-07-16 00:00:00+00:00,0.027764412797424216
2026-07-17 00:00:00+00:00,0.02084196698683481
2026-07-18 00:00:00+00:00,0.02015203904534876
2026-07-19 00:00:00+00:00,0.007075227658113889
2026-07-20 00:00:00+00:00,0.01187303062149115
2026-07-21 00:00:00+00:00,0.030573017670901488
2026-07-22 00:00:00+00:00,0.01500845167878589
2026-07-23 00:00:00+00:00,0.02209296660521029
2026-07-24 00:00:00+00:00,0.017787904842342606
2026-07-25 00:00:00+00:00,0.016431355392854285
2026-07-26 00:00:00+00:00,0.006706940597298411
2026-07-27 00:00:00+00:00,0.018652657933084543
2026-07-28 00:00:00+00:00,0.03282296625706477
2026-07-29 00:00:00+00:00,0.030059968274593934
2026-07-30 00:00:00+00:00,0.02967115504101163
2026-07-31 00:00:00+00:00,0.01807148221438605
2026-08-01 00:00:00+00:00,0.015273467025751863
2026-08-02 00:00:00+00:00,0.015690893815432445
2026-08-03 00:00:00+00:00,0.018473799891804095
2026-08-04 00:00:00+00:00,0.019295259418752923
2026-08-05 00:00:00+00:00,0.017257395341399747
2026-08-06 00:00:00+00:00,0.019173108813236393
2026-08-07 00:00:00+00:00,0.01416144671824882
2026-08-08 00:00:00+00:00,0.014534817735278345
2026-08-09 00:00:00+00:00,0.004927143567316028
2026-08-10 00:00:00+00:00,0.00828223757758382
2026-08-11 00:00:00+00:00,0.01720512961266767
2026-08-12 00:00:00+00:00,0.015376566357336157
2026-08-13 00:00:00+00:00,0.015290455532223496
2026-08-14 00:00:00+00:00,0.012732959862244247
2026-08-15 00:00:00+00:00,0.012976132081458017
2026-08-16 00:00:00+00:00,0.005103097463698428
2026-08-17 00:00:00+00:00,0.006232810547221589
2026-08-18 00:00:00+00:00,0.01534797478881689
2026-08-19 00:00:00+00:00,0.013025236386684912
2026-08-20 00:00:00+00:00,0.08825575401649675
2026-08-21 00:00:00+00:00,0.03199107045822306
2026-08-22 00:00:00+00:00,0.05158322818545491
2026-08-23 00:00:00+00:00,0.035278837912265014
2026-08-24 00:00:00+00:00,0.0298742882725804
2026-08-25 00:00:00+00:00,0.029216669603515516
2026-08-26 00:00:00+00:00,0.022078419977207723
2026-08-27 00:00:00+00:00,0.02091724615359162
2026-08-28 00:00:00+00:00,0.023635127189141573
2026-08-29 00:00:00+00:00,0.02668313559614269
2026-08-30 00:00:00+00:00,0.007662642467779573
2026-08-31 00:00:00+00:00,0.03249584725076756
2026-09-01 00:00:00+00:00,0.01952219837751088
2026-09-02 00:00:00+00:00,0.018146228520313328
2026-09-03 00:00:00+00:00,0.020716255552945498
2026-09-04 00:00:00+00:00,0.033491301012180646
2026-09-05 00:00:00+00:00,0.032487550236684426
2026-09-06 00:00:00+00:00,0.009731378660876738
2026-09-07 00:00:00+00:00,0.014095927446834428
2026-09-08 00:00:00+00:00,0.017212180105363968
2026-09-09 00:00:00+00:00,0.019301541960305663
2026-09-10 00:00:00+00:00,0.023126089525905207
2026-09-11 00:00:00+00:00,0.02481218287586707
2026-09-12 00:00:00+00:00,0.058242856426190634
2026-09-13 00:00:00+00:00,0.008330802261586324
2026-09-14 00:00:00+00:00,0.02053018536040186
2026-09-15 00:00:00+00:00,0.02257902148869701
2026-09-16 00:00:00+00:00,0.03203109607661267
2026-09-17 00:00:00+00:00,0.018953020733003645
2026-09-18 00:00:00+00:00,0.012675263126837493
2026-09-19 00:00:00+00:00,0.028757645723825824
2026-09-20 00:00:00+00:00,0.01337696113905285
