date,rolling_mean_forecast_vol
2025-09-22 00:00:00+00:00,0.01741577466315185
2025-09-23 00:00:00+00:00,0.019397659247673765
2025-09-24 00:00:00+00:00,0.020210531514769915
2025-09-25 00:00:00+00:00,0.01885576539269752
2025-09-26 00:00:00+00:00,0.023202570585836337
2025-09-27 00:00:00+00:00,0.025259898896936243
2025-09-28 00:00:00+00:00,0.025603729519002277
2025-09-29 00:00:00+00:00,0.02770293567314442
2025-09-30 00:00:00+00:00,0.02580917492772456
2025-10-01 00:00:00+00:00,0.026032688115636835
2025-10-02 00:00:00+00:00,0.029044150454970687
2025-10-03 00:00:00+00:00,0.02615864653503463
2025-10-04 00:00:00+00:00,0.024928494911144638
2025-10-05 00:00:00+00:00,0.0249410528851303
2025-10-06 00:00:00+00:00,0.02505380419204976
2025-10-07 00:00:00+00:00,0.0246809773582341
2025-10-08 00:00:00+00:00,0.02691617839567348
2025-10-09 00:00:00+00:00,0.024239098633294803
2025-10-10 00:00:00+00:00,0.026080593948930936
2025-10-11 00:00:00+00:00,0.03252655350351102
2025-10-12 00:00:00+00:00,0.03842293059790094
2025-10-13 00:00:00+00:00,0.04267547697552941
2025-10-14 00:00:00+00:00,0.045735342213900694
2025-10-15 00:00:00+00:00,0.0464934675595886
2025-10-16 00:00:00+00:00,0.047688225887145226
2025-10-17 00:00:00+00:00,0.04821022727821538
2025-10-18 00:00:00+00:00,0.04431786208953655
2025-10-19 00:00:00+00:00,0.0392807557223066
2025-10-20 00:00:00+00:00,0.03527053272732679
2025-10-21 00:00:00+00:00,0.03334098226006904
2025-10-22 00:00:00+00:00,0.034766035463480824
2025-10-23 00:00:00+00:00,0.034268810281911886
2025-10-24 00:00:00+00:00,0.03172384644889891
2025-10-25 00:00:00+00:00,0.02986126221497141
2025-10-26 00:00:00+00:00,0.029179774328755268
2025-10-27 00:00:00+00:00,0.029513896095513296
2025-10-28 00:00:00+00:00,0.029105512706679583
2025-10-29 00:00:00+00:00,0.026562503266367648
2025-10-30 00:00:00+00:00,0.027748026961158856
2025-10-31 00:00:00+00:00,0.030222091324953675
2025-11-01 00:00:00+00:00,0.030144361340358656
2025-11-02 00:00:00+00:00,0.03006929853351184
2025-11-03 00:00:00+00:00,0.028798392926586733
2025-11-04 00:00:00+00:00,0.032527426394056896
2025-11-05 00:00:00+00:00,0.036697745423780126
2025-11-06 00:00:00+00:00,0.037585139040783484
2025-11-07 00:00:00+00:00,0.037248693597042366
2025-11-08 00:00:00+00:00,0.03899839069296363
2025-11-09 00:00:00+00:00,0.04011937449139951
2025-11-10 00:00:00+00:00,0.04129064091019805
2025-11-11 00:00:00+00:00,0.03861939366539052
2025-11-12 00:00:00+00:00,0.03327648927258427
2025-11-13 00:00:00+00:00,0.033158386643048814
2025-11-14 00:00:00+00:00,0.0343438547243347
2025-11-15 00:00:00+00:00,0.03664912748086903
2025-11-16 00:00:00+00:00,0.03760401239217352
2025-11-17 00:00:00+00:00,0.03969842085657641
2025-11-18 00:00:00+00:00,0.041252746085484515
2025-11-19 00:00:00+00:00,0.04286310731951447
2025-11-20 00:00:00+00:00,0.04464987429905936
2025-11-21 00:00:00+00:00,0.04485433085985012
2025-11-22 00:00:00+00:00,0.04626732705516606
2025-11-23 00:00:00+00:00,0.046370932682221463
2025-11-24 00:00:00+00:00,0.04466622532821486
2025-11-25 00:00:00+00:00,0.044327794891717086
2025-11-26 00:00:00+00:00,0.04360730871568403
2025-11-27 00:00:00+00:00,0.04119951046725116
2025-11-28 00:00:00+00:00,0.036948329159590725
2025-11-29 00:00:00+00:00,0.03228212432955905
2025-11-30 00:00:00+00:00,0.03113388265264828
2025-12-01 00:00:00+00:00,0.029764061521958728
2025-12-02 00:00:00+00:00,0.03250067761956958
2025-12-03 00:00:00+00:00,0.03449396667166209
2025-12-04 00:00:00+00:00,0.032698011741181865
2025-12-05 00:00:00+00:00,0.03443365466905262
2025-12-06 00:00:00+00:00,0.034579763049008436
2025-12-07 00:00:00+00:00,0.03378360974304028
2025-12-08 00:00:00+00:00,0.03867815911171611
2025-12-09 00:00:00+00:00,0.03331621354389732
2025-12-10 00:00:00+00:00,0.035034933166724416
2025-12-11 00:00:00+00:00,0.03491868111853919
2025-12-12 00:00:00+00:00,0.03455432834743734
2025-12-13 00:00:00+00:00,0.03767492997052712
2025-12-14 00:00:00+00:00,0.036965007132278495
2025-12-15 00:00:00+00:00,0.031140776706511587
2025-12-16 00:00:00+00:00,0.03333896593546224
2025-12-17 00:00:00+00:00,0.02920711462648378
2025-12-18 00:00:00+00:00,0.03206706795177337
2025-12-19 00:00:00+00:00,0.035561078948075635
2025-12-20 00:00:00+00:00,0.03231715272907752
2025-12-21 00:00:00+00:00,0.03192486075797276
2025-12-22 00:00:00+00:00,0.03266954294693516
2025-12-23 00:00:00+00:00,0.029928809058259214
2025-12-24 00:00:00+00:00,0.0299378546871563
2025-12-25 00:00:00+00:00,0.026225873617512618
2025-12-26 00:00:00+00:00,0.020865939821654002
2025-12-27 00:00:00+00:00,0.020713240454741544
2025-12-28 00:00:00+00:00,0.020880478645153664
2025-12-29 00:00:00+00:00,0.019308830625964963
2025-12-30 00:00:00+00:00,0.020056053468571367
2025-12-31 00:00:00+00:00,0.017955137922318433
2026-01-01 00:00:00+00:00,0.01741573482783235
2026-01-02 00:00:00+00:00,0.01615858758621023
2026-01-03 00:00:00+00:00,0.014864898095394681
2026-01-04 00:00:00+00:00,0.014945743949957763
2026-01-05 00:00:00+00:00,0.015466844643682837
2026-01-06 00:00:00+00:00,0.015029344311679908
2026-01-07 00:00:00+00:00,0.016933910604511954
2026-01-08 00:00:00+00:00,0.018862528203279032
2026-01-09 00:00:00+00:00,0.021273645521583735
2026-01-10 00:00:00+00:00,0.02110579900661554
2026-01-11 00:00:00+00:00,0.02087540897509667
2026-01-12 00:00:00+00:00,0.02064783438503689
2026-01-13 00:00:00+00:00,0.020266077475824214
2026-01-14 00:00:00+00:00,0.022062863465297712
2026-01-15 00:00:00+00:00,0.021956482084840894
2026-01-16 00:00:00+00:00,0.02170066172620716
2026-01-17 00:00:00+00:00,0.020721725017984895
2026-01-18 00:00:00+00:00,0.020987787252318996
2026-01-19 00:00:00+00:00,0.022680040312300687
2026-01-20 00:00:00+00:00,0.023285686800389366
2026-01-21 00:00:00+00:00,0.0217866017731534
2026-01-22 00:00:00+00:00,0.027263915402182464
2026-01-23 00:00:00+00:00,0.027228317845716787
2026-01-24 00:00:00+00:00,0.028836500709519076
2026-01-25 00:00:00+00:00,0.02885886110188916
2026-01-26 00:00:00+00:00,0.028952467256705465
2026-01-27 00:00:00+00:00,0.029629244938395163
2026-01-28 00:00:00+00:00,0.030461784003352366
2026-01-29 00:00:00+00:00,0.023678635348414023
2026-01-30 00:00:00+00:00,0.026223650504513606
2026-01-31 00:00:00+00:00,0.028194859250561838
2026-02-01 00:00:00+00:00,0.03531006021066777
2026-02-02 00:00:00+00:00,0.039379908296239406
2026-02-03 00:00:00+00:00,0.04176088305837327
2026-02-04 00:00:00+00:00,0.04969243020039909
2026-02-05 00:00:00+00:00,0.05426234956135419
2026-02-06 00:00:00+00:00,0.05897149995044743
2026-02-07 00:00:00+00:00,0.06416023554579371
2026-02-08 00:00:00+00:00,0.061547214637224824
2026-02-09 00:00:00+00:00,0.059419138783267045
2026-02-10 00:00:00+00:00,0.05784401330430882
2026-02-11 00:00:00+00:00,0.05041907158215031
2026-02-12 00:00:00+00:00,0.04829196218999401
2026-02-13 00:00:00+00:00,0.042785061102171486
2026-02-14 00:00:00+00:00,0.03662570506092088
2026-02-15 00:00:00+00:00,0.03417832180534772
2026-02-16 00:00:00+00:00,0.03436649222244078
2026-02-17 00:00:00+00:00,0.03417304777292588
2026-02-18 00:00:00+00:00,0.0333787473321937
2026-02-19 00:00:00+00:00,0.03206573270386954
2026-02-20 00:00:00+00:00,0.030431457631590907
2026-02-21 00:00:00+00:00,0.028995235382435005
2026-02-22 00:00:00+00:00,0.027408341717007973
2026-02-23 00:00:00+00:00,0.02405787290330264
2026-02-24 00:00:00+00:00,0.026279366661838777
2026-02-25 00:00:00+00:00,0.024800299135366716
2026-02-26 00:00:00+00:00,0.028982945639078477
2026-02-27 00:00:00+00:00,0.03078460822265106
2026-02-28 00:00:00+00:00,0.031767335548372945
2026-03-01 00:00:00+00:00,0.037730102029564075
2026-03-02 00:00:00+00:00,0.0420572548131769
2026-03-03 00:00:00+00:00,0.04258284849428967
2026-03-04 00:00:00+00:00,0.043761218076706375
2026-03-05 00:00:00+00:00,0.04353228805526238
2026-03-06 00:00:00+00:00,0.04344704539174317
2026-03-07 00:00:00+00:00,0.04331365987358688
2026-03-08 00:00:00+00:00,0.037823689413606594
2026-03-09 00:00:00+00:00,0.03548027634289821
2026-03-10 00:00:00+00:00,0.032754406523928095
2026-03-11 00:00:00+00:00,0.0332312885208223
2026-03-12 00:00:00+00:00,0.02983747257388896
2026-03-13 00:00:00+00:00,0.028522135784838958
2026-03-14 00:00:00+00:00,0.03051365311318307
2026-03-15 00:00:00+00:00,0.030375369282892282
2026-03-16 00:00:00+00:00,0.03040070019411827
2026-03-17 00:00:00+00:00,0.031024382484761675
2026-03-18 00:00:00+00:00,0.029681223599918063
2026-03-19 00:00:00+00:00,0.030993708024190565
2026-03-20 00:00:00+00:00,0.03147198050405185
2026-03-21 00:00:00+00:00,0.02831121743991619
2026-03-22 00:00:00+00:00,0.030783023468467733
2026-03-23 00:00:00+00:00,0.02943988573066869
2026-03-24 00:00:00+00:00,0.03213694679055959
2026-03-25 00:00:00+00:00,0.032094073534463044
2026-03-26 00:00:00+00:00,0.028923376496682213
2026-03-27 00:00:00+00:00,0.028569925960276826
2026-03-28 00:00:00+00:00,0.029804617830903768
2026-03-29 00:00:00+00:00,0.028024653143309233
2026-03-30 00:00:00+00:00,0.028211882022114138
2026-03-31 00:00:00+00:00,0.023748163313285726
2026-04-01 00:00:00+00:00,0.025345653160081447
2026-04-02 00:00:00+00:00,0.027016201910316794
2026-04-03 00:00:00+00:00,0.028395533612328713
2026-04-04 00:00:00+00:00,0.0255997983042879
2026-04-05 00:00:00+00:00,0.02387836947756568
2026-04-06 00:00:00+00:00,0.02414948823409972
2026-04-07 00:00:00+00:00,0.024101967517577077
2026-04-08 00:00:00+00:00,0.02554244864166875
2026-04-09 00:00:00+00:00,0.026000182082292676
2026-04-10 00:00:00+00:00,0.024453623388077585
2026-04-11 00:00:00+00:00,0.02598538041753761
2026-04-12 00:00:00+00:00,0.02851753655393417
2026-04-13 00:00:00+00:00,0.030069706768812533
2026-04-14 00:00:00+00:00,0.03333317548606161
2026-04-15 00:00:00+00:00,0.03057516607172489
2026-04-16 00:00:00+00:00,0.02892792652560628
2026-04-17 00:00:00+00:00,0.028863683276453167
2026-04-18 00:00:00+00:00,0.030749065965938422
2026-04-19 00:00:00+00:00,0.02951125579275337
2026-04-20 00:00:00+00:00,0.027280196820584215
2026-04-21 00:00:00+00:00,0.024052456935799067
2026-04-22 00:00:00+00:00,0.022466498309425813
2026-04-23 00:00:00+00:00,0.02410514331096103
2026-04-24 00:00:00+00:00,0.02336732033474594
2026-04-25 00:00:00+00:00,0.020467001453750796
2026-04-26 00:00:00+00:00,0.018920927998934724
2026-04-27 00:00:00+00:00,0.018054504689288212
2026-04-28 00:00:00+00:00,0.019117336378447928
2026-04-29 00:00:00+00:00,0.018404598498471893
2026-04-30 00:00:00+00:00,0.01831034504938003
2026-05-01 00:00:00+00:00,0.017989269386635937
2026-05-02 00:00:00+00:00,0.018553955586974268
2026-05-03 00:00:00+00:00,0.019091439696874164
2026-05-04 00:00:00+00:00,0.019598066362337133
2026-05-05 00:00:00+00:00,0.019233845618575555
2026-05-06 00:00:00+00:00,0.019677382059859118
2026-05-07 00:00:00+00:00,0.018565705164483158
2026-05-08 00:00:00+00:00,0.018333272487661253
2026-05-09 00:00:00+00:00,0.017757400019051094
2026-05-10 00:00:00+00:00,0.01755214497521065
2026-05-11 00:00:00+00:00,0.019108032487517992
2026-05-12 00:00:00+00:00,0.01700193412696589
2026-05-13 00:00:00+00:00,0.01717534935627254
2026-05-14 00:00:00+00:00,0.01740659431247561
2026-05-15 00:00:00+00:00,0.018635177965097255
2026-05-16 00:00:00+00:00,0.020109809275205687
2026-05-17 00:00:00+00:00,0.021050275297075545
2026-05-18 00:00:00+00:00,0.0208113176148911
2026-05-19 00:00:00+00:00,0.023372194493070604
2026-05-20 00:00:00+00:00,0.023422336894752843
2026-05-21 00:00:00+00:00,0.022073617549756546
2026-05-22 00:00:00+00:00,0.021348675000536204
2026-05-23 00:00:00+00:00,0.021081100576522138
2026-05-24 00:00:00+00:00,0.024857967614647453
2026-05-25 00:00:00+00:00,0.024066944022267507
2026-05-26 00:00:00+00:00,0.02131354222938654
2026-05-27 00:00:00+00:00,0.022219789198585378
2026-05-28 00:00:00+00:00,0.02382025783854998
2026-05-29 00:00:00+00:00,0.024751469372802735
2026-05-30 00:00:00+00:00,0.024721436097482164
2026-05-31 00:00:00+00:00,0.01984745593414172
2026-06-01 00:00:00+00:00,0.01876638325230779
2026-06-02 00:00:00+00:00,0.020003357785113637
2026-06-03 00:00:00+00:00,0.021417250564200525
2026-06-04 00:00:00+00:00,0.025368119286927122
2026-06-05 00:00:00+00:00,0.02799304432426164
2026-06-06 00:00:00+00:00,0.03477117708504681
2026-06-07 00:00:00+00:00,0.04075111597972984
2026-06-08 00:00:00+00:00,0.04474731284417355
2026-06-09 00:00:00+00:00,0.04540350881081423
2026-06-10 00:00:00+00:00,0.044773428762007385
2026-06-11 00:00:00+00:00,0.041387732439236456
2026-06-12 00:00:00+00:00,0.04005380917660906
2026-06-13 00:00:00+00:00,0.03425106335102146
2026-06-14 00:00:00+00:00,0.028932167999260915
2026-06-15 00:00:00+00:00,0.027528132368110695
2026-06-16 00:00:00+00:00,0.028859790028388572
2026-06-17 00:00:00+00:00,0.029359491178079875
2026-06-18 00:00:00+00:00,0.029744896651791038
2026-06-19 00:00:00+00:00,0.030327570631750896
2026-06-20 00:00:00+00:00,0.028584495478450062
2026-06-21 00:00:00+00:00,0.02936937037106991
2026-06-22 00:00:00+00:00,0.026960949351068207
2026-06-23 00:00:00+00:00,0.025541156737824592
2026-06-24 00:00:00+00:00,0.02489382897501103
2026-06-25 00:00:00+00:00,0.026520773184030934
2026-06-26 00:00:00+00:00,0.03067501247263339
2026-06-27 00:00:00+00:00,0.03481856237368291
2026-06-28 00:00:00+00:00,0.03498583599284518
2026-06-29 00:00:00+00:00,0.03562956936051801
2026-06-30 00:00:00+00:00,0.03615418831514123
2026-07-01 00:00:00+00:00,0.03580716922144351
2026-07-02 00:00:00+00:00,0.03387041126727689
2026-07-03 00:00:00+00:00,0.02941307919069128
2026-07-04 00:00:00+00:00,0.02620685768613752
2026-07-05 00:00:00+00:00,0.02618246814359246
2026-07-06 00:00:00+00:00,0.025621554940849996
2026-07-07 00:00:00+00:00,0.0255635406913897
2026-07-08 00:00:00+00:00,0.025642295434370684
2026-07-09 00:00:00+00:00,0.024776293135881228
2026-07-10 00:00:00+00:00,0.02136732268880636
2026-07-11 00:00:00+00:00,0.021361055885976452
2026-07-12 00:00:00+00:00,0.021401772112423775
2026-07-13 00:00:00+00:00,0.021850409119780558
2026-07-14 00:00:00+00:00,0.02175988853160473
2026-07-15 00:00:00+00:00,0.02341126724568659
2026-07-16 00:00:00+00:00,0.023949475213245166
2026-07-17 00:00:00+00:00,0.024927092245198672
2026-07-18 00:00:00+00:00,0.024468873487382015
2026-07-19 00:00:00+00:00,0.022866087413228684
2026-07-20 00:00:00+00:00,0.022175324138684175
2026-07-21 00:00:00+00:00,0.02224394562331506
2026-07-22 00:00:00+00:00,0.019041163779842885
2026-07-23 00:00:00+00:00,0.018230957180955184
2026-07-24 00:00:00+00:00,0.017794662588884867
2026-07-25 00:00:00+00:00,0.017263136352814228
2026-07-26 00:00:00+00:00,0.017210523915554873
2026-07-27 00:00:00+00:00,0.01817904210292536
2026-07-28 00:00:00+00:00,0.01850046332952011
2026-07-29 00:00:00+00:00,0.020650679986064117
2026-07-30 00:00:00+00:00,0.02173327833403574
2026-07-31 00:00:00+00:00,0.0217737893871848
2026-08-01 00:00:00+00:00,0.02160837676331303
2026-08-02 00:00:00+00:00,0.02289179865161789
2026-08-03 00:00:00+00:00,0.022866247502863542
2026-08-04 00:00:00+00:00,0.020933717954533276
2026-08-05 00:00:00+00:00,0.019104778964076967
2026-08-06 00:00:00+00:00,0.017605058074394785
2026-08-07 00:00:00+00:00,0.017046481574946613
2026-08-08 00:00:00+00:00,0.01694096024773611
2026-08-09 00:00:00+00:00,0.015403281640862335
2026-08-10 00:00:00+00:00,0.013947344167402297
2026-08-11 00:00:00+00:00,0.013648754195104404
2026-08-12 00:00:00+00:00,0.013380064340238177
2026-08-13 00:00:00+00:00,0.012825399585807763
2026-08-14 00:00:00+00:00,0.012621330034949965
2026-08-15 00:00:00+00:00,0.012398660655832774
2026-08-16 00:00:00+00:00,0.012423796926744548
2026-08-17 00:00:00+00:00,0.0121310216366928
2026-08-18 00:00:00+00:00,0.011865713804714116
2026-08-19 00:00:00+00:00,0.01152980952319251
2026-08-20 00:00:00+00:00,0.021953423592374406
2026-08-21 00:00:00+00:00,0.02470458224894281
2026-08-22 00:00:00+00:00,0.030219881692370935
2026-08-23 00:00:00+00:00,0.03453070175645188
2026-08-24 00:00:00+00:00,0.03790805571721741
2026-08-25 00:00:00+00:00,0.03988929783360294
2026-08-26 00:00:00+00:00,0.041182609775106196
2026-08-27 00:00:00+00:00,0.03156282293754832
2026-08-28 00:00:00+00:00,0.030369116756250963
2026-08-29 00:00:00+00:00,0.026811960672063505
2026-08-30 00:00:00+00:00,0.02286678989427987
2026-08-31 00:00:00+00:00,0.02324129831973518
2026-09-01 00:00:00+00:00,0.021856373858877374
2026-09-02 00:00:00+00:00,0.021294632222178173
2026-09-03 00:00:00+00:00,0.021265919279228728
2026-09-04 00:00:00+00:00,0.022673944111091453
2026-09-05 00:00:00+00:00,0.023503146202597417
2026-09-06 00:00:00+00:00,0.02379867994446844
2026-09-07 00:00:00+00:00,0.021170119972477995
2026-09-08 00:00:00+00:00,0.02084011736217129
2026-09-09 00:00:00+00:00,0.021005162139313055
2026-09-10 00:00:00+00:00,0.021349424135450153
2026-09-11 00:00:00+00:00,0.020109550115976784
2026-09-12 00:00:00+00:00,0.02378887957162053
2026-09-13 00:00:00+00:00,0.023588797228864755
2026-09-14 00:00:00+00:00,0.02450797693080296
2026-09-15 00:00:00+00:00,0.025274668556993396
2026-09-16 00:00:00+00:00,0.027093176287894396
2026-09-17 00:00:00+00:00,0.026497023603194173
2026-09-18 00:00:00+00:00,0.02476317792476138
2026-09-19 00:00:00+00:00,0.020551004967280687
2026-09-20 00:00:00+00:00,0.021271884806918766
